timestamp,pressure_psi,pressure_voltage,water_temp_f,water_voltage,air_temp_f,air_voltage,air_resistance_ohms
2026-01-07T12:05:44.338794,30.91,1.4355,69.62,3.0191,69.73,1.5294,86.37
2026-01-07T12:06:44.395794,26.77,1.5920,70.21,3.0209,70.91,1.5331,86.77
2026-01-07T12:07:44.457474,29.91,1.5388,69.36,3.0318,67.88,1.5383,87.31
2026-01-07T12:08:44.514344,27.76,1.6215,69.15,3.0226,71.03,1.5284,86.27
2026-01-07T12:09:44.572404,28.58,1.5439,71.14,3.0213,69.61,1.5329,86.74
2026-01-07T12:10:44.629387,28.48,1.4658,68.24,3.0171,70.10,1.5290,86.34
2026-01-07T12:11:44.686299,28.73,1.4774,69.83,3.0315,69.54,1.5406,87.57
2026-01-07T12:12:44.743146,28.92,1.5899,70.59,3.0134,68.68,1.5331,86.77
2026-01-07T12:13:44.800096,31.79,1.4463,71.11,3.0141,68.74,1.5345,86.92
2026-01-07T12:14:44.853981,30.65,1.4434,69.23,3.0242,72.52,1.5405,87.55
2026-01-07T12:15:44.910725,31.23,1.5563,71.71,3.0291,68.49,1.5301,86.45
2026-01-07T12:16:44.967538,31.71,1.3690,69.46,3.0124,69.85,1.5369,87.17
2026-01-07T12:17:45.024414,32.84,1.5394,69.73,3.0131,66.09,1.5328,86.73
2026-01-07T12:18:45.081803,27.46,1.4828,69.81,3.0206,71.40,1.5360,87.07
2026-01-07T12:19:45.138494,27.62,1.6464,71.28,3.0257,67.75,1.5271,86.14
2026-01-07T12:20:45.195307,30.94,1.5036,70.23,3.0164,72.09,1.5343,86.89
2026-01-07T12:21:45.252105,31.75,1.5423,68.95,3.0183,69.36,1.5357,87.05
2026-01-07T12:22:45.308953,32.20,1.4305,70.37,3.0139,69.73,1.5320,86.65
2026-01-07T12:23:45.365769,30.17,1.5717,70.48,3.0228,68.86,1.5297,86.41
2026-01-07T12:24:45.422715,31.39,1.3655,70.82,3.0079,71.96,1.5331,86.77
2026-01-07T12:25:45.479270,32.68,1.3918,71.93,3.0191,68.43,1.5349,86.96
2026-01-07T12:26:45.536133,29.46,1.6374,71.78,3.0146,68.80,1.5379,87.27
2026-01-07T12:27:45.592850,31.42,1.5092,72.51,3.0161,69.54,1.5368,87.15
2026-01-07T12:28:45.649643,31.26,1.5956,70.38,3.0120,66.71,1.5349,86.96
2026-01-07T12:29:45.706352,32.35,1.4604,70.73,3.0106,69.42,1.5339,86.85
2026-01-07T12:30:45.763661,30.20,1.3635,71.03,3.0221,69.24,1.5361,87.09
2026-01-07T12:31:45.820491,28.13,1.4255,72.01,3.0090,71.72,1.5370,87.18
2026-01-07T12:32:45.877296,32.64,1.4136,70.04,3.0136,69.79,1.5341,86.88
2026-01-07T12:33:45.934144,27.63,1.6016,69.52,3.0056,71.78,1.5365,87.13
2026-01-07T12:34:45.991053,31.06,1.3987,70.79,3.0179,70.23,1.5355,87.02
2026-01-07T12:35:46.047956,28.15,1.5861,71.20,3.0215,67.14,1.5353,87.00
2026-01-07T12:36:46.104739,31.76,1.3566,69.13,3.0175,68.62,1.5294,86.37
2026-01-07T12:37:46.161506,27.42,1.4795,70.40,3.0145,68.49,1.5357,87.05
2026-01-07T12:38:46.218308,30.67,1.4256,71.99,3.0085,65.54,1.5297,86.41
2026-01-07T12:39:46.275089,28.08,1.5501,71.76,3.0028,69.85,1.5330,86.76
2026-01-07T12:40:46.332112,31.94,1.3795,72.91,3.0204,71.09,1.5325,86.70
2026-01-07T12:41:46.389060,28.26,1.5404,69.83,3.0001,70.10,1.5320,86.65
2026-01-07T12:42:46.448395,31.23,1.4258,71.39,3.0053,68.93,1.5349,86.96
2026-01-07T12:43:46.505494,30.91,1.3805,70.00,3.0086,69.54,1.5330,86.76
2026-01-07T12:44:46.562419,31.39,1.3975,71.43,3.0116,70.23,1.5311,86.56
2026-01-07T12:45:46.620298,28.42,1.3935,70.84,3.0051,67.88,1.5341,86.88
2026-01-07T12:46:46.677179,30.35,1.5909,70.23,3.0074,68.62,1.5309,86.53
2026-01-07T12:47:46.733870,29.73,1.3714,72.69,3.0128,68.62,1.5361,87.09
2026-01-07T12:48:46.790872,30.84,1.3420,71.78,3.0110,68.49,1.5340,86.86
2026-01-07T12:49:46.847648,28.13,1.4746,71.01,3.0103,68.68,1.5304,86.48
2026-01-07T12:50:46.904687,30.71,1.4079,71.99,3.0100,69.24,1.5339,86.85
2026-01-07T12:51:46.961496,29.41,1.3776,71.82,3.0130,68.49,1.5326,86.72
2026-01-07T12:52:47.018360,29.02,1.4378,71.11,3.0130,69.30,1.5357,87.05
2026-01-07T12:53:47.080026,32.79,1.5051,72.16,3.0155,70.23,1.5328,86.73
2026-01-07T12:54:47.136841,30.34,1.6176,70.99,3.0241,69.98,1.5325,86.70
2026-01-07T12:55:47.193650,30.17,1.5183,71.97,3.0155,68.19,1.5384,87.33
2026-01-07T12:56:47.250982,27.99,1.4944,70.79,3.0110,68.31,1.5325,86.70
2026-01-07T12:57:47.307680,32.35,1.3809,71.54,3.0097,69.85,1.5397,87.47
2026-01-07T12:58:47.364467,30.90,1.6289,71.16,3.0049,66.71,1.5356,87.04
2026-01-07T12:59:47.421533,28.79,1.6310,73.57,3.0056,71.72,1.5272,86.15
2026-01-07T13:00:47.478544,27.74,1.3913,72.32,3.0088,71.90,1.5364,87.11
2026-01-07T13:01:47.535668,31.94,1.3780,72.29,3.0115,69.36,1.5354,87.01
2026-01-07T13:02:47.592520,30.16,1.3866,72.95,2.9935,67.57,1.5360,87.07
2026-01-07T13:03:47.649646,26.95,1.5060,70.67,3.0134,68.31,1.5334,86.80
2026-01-07T13:04:47.706524,29.00,1.5220,73.57,3.0053,70.16,1.5354,87.01
2026-01-07T13:05:47.763200,29.51,1.6259,73.15,3.0016,68.49,1.5399,87.49
2026-01-07T13:06:47.819841,27.01,1.4159,72.78,2.9976,70.16,1.5334,86.80
2026-01-07T13:07:47.876745,28.13,1.4074,72.78,2.9961,67.82,1.5323,86.68
2026-01-07T13:08:47.933810,32.82,1.5557,71.67,3.0017,66.59,1.5386,87.35
2026-01-07T13:09:47.990446,31.92,1.4285,73.64,3.0023,71.03,1.5294,86.37
2026-01-07T13:10:48.049994,27.64,1.4159,71.52,3.0158,68.25,1.5396,87.46
2026-01-07T13:11:48.106900,31.09,1.3873,72.38,3.0099,68.25,1.5314,86.59
2026-01-07T13:12:48.163751,30.23,1.3600,72.16,3.0097,71.03,1.5310,86.55
2026-01-07T13:13:48.221741,31.70,1.5323,70.38,3.0082,68.06,1.5265,86.07
2026-01-07T13:14:48.278539,27.86,1.4941,73.71,3.0201,68.62,1.5403,87.53
2026-01-07T13:15:48.335588,31.46,1.5001,72.25,3.0049,68.49,1.5363,87.10
2026-01-07T13:16:48.392419,30.61,1.6299,72.27,3.0169,67.69,1.5297,86.41
2026-01-07T13:17:48.453612,31.78,1.3984,71.46,3.0202,70.29,1.5355,87.02
2026-01-07T13:18:48.510659,27.55,1.5948,70.46,3.0126,67.69,1.5343,86.89
2026-01-07T13:19:48.567487,31.10,1.3767,72.38,3.0145,70.10,1.5326,86.72
2026-01-07T13:20:48.624061,33.05,1.4724,71.84,3.0084,66.52,1.5343,86.89
2026-01-07T13:21:48.681005,31.94,1.4240,71.97,3.0051,73.33,1.5315,86.60
2026-01-07T13:22:48.737736,27.65,1.5068,71.01,3.0060,68.62,1.5339,86.85
2026-01-07T13:23:48.795502,28.31,1.3669,72.40,3.0061,68.86,1.5373,87.21
2026-01-07T13:24:48.852615,29.23,1.4314,69.96,3.0069,66.46,1.5349,86.96
2026-01-07T13:25:48.909396,31.89,1.5811,70.52,3.0120,68.74,1.5376,87.25
2026-01-07T13:26:48.968407,27.91,1.6256,71.35,3.0124,66.40,1.5348,86.94
2026-01-07T13:27:49.025447,30.32,1.4564,71.01,3.0223,70.16,1.5296,86.40
2026-01-07T13:28:49.082208,31.09,1.4576,70.46,3.0082,68.37,1.5309,86.53
2026-01-07T13:29:49.138982,30.88,1.5710,72.47,3.0150,73.21,1.5365,87.13
2026-01-07T13:30:49.195863,32.62,1.5603,70.92,3.0119,69.79,1.5294,86.37
2026-01-07T13:31:49.252622,29.22,1.6146,72.97,3.0008,69.24,1.5320,86.65
2026-01-07T13:32:49.309484,31.74,1.5065,71.43,3.0055,69.54,1.5310,86.55
2026-01-07T13:33:49.366385,28.55,1.4472,70.35,3.0129,70.29,1.5310,86.55
2026-01-07T13:34:49.423290,27.96,1.6759,70.79,3.0255,68.00,1.5345,86.92
2026-01-07T13:35:49.480135,29.72,1.3741,72.60,3.0096,67.51,1.5356,87.04
2026-01-07T13:36:49.537225,28.84,1.5755,70.35,3.0130,68.86,1.5311,86.56
2026-01-07T13:37:49.594240,27.82,1.5477,72.08,3.0072,70.29,1.5349,86.96
2026-01-07T13:38:49.656423,31.96,1.5851,192.65,1.5328,69.73,1.5311,86.56
2026-01-07T13:39:49.713269,32.82,1.4832,71.41,3.0038,67.26,1.5341,86.88
2026-01-07T13:40:49.770422,28.37,1.5292,71.37,3.0011,71.72,1.5344,86.90
2026-01-07T13:41:49.827135,27.75,1.6490,71.41,3.0168,66.71,1.5339,86.85
2026-01-07T13:42:49.883963,30.25,1.3959,72.73,3.0065,68.12,1.5328,86.73
2026-01-07T13:43:49.940604,31.31,1.4654,69.90,3.0084,69.05,1.5320,86.65
2026-01-07T13:44:49.997648,29.87,1.4396,71.03,3.0100,70.85,1.5314,86.59
2026-01-07T13:45:50.054717,27.24,1.4301,71.01,3.0195,69.98,1.5328,86.73
2026-01-07T13:46:50.111524,30.03,1.5276,71.84,3.0040,67.63,1.5351,86.98
2026-01-07T13:47:50.170483,28.63,1.4928,70.59,3.0086,68.68,1.5339,86.85
2026-01-07T13:48:50.227317,31.10,1.3779,68.87,3.0254,65.60,1.5349,86.96
2026-01-07T13:49:50.284171,27.57,1.4889,72.64,3.0168,69.73,1.5326,86.72
2026-01-07T13:50:50.340972,30.45,1.3562,71.69,3.0074,70.04,1.5306,86.51
2026-01-07T13:51:50.398819,28.48,1.4732,69.52,3.0115,70.35,1.5345,86.92
2026-01-07T13:52:50.455710,32.62,1.4846,72.51,3.0066,69.92,1.5339,86.85
2026-01-07T13:53:50.512423,30.26,1.6350,71.50,3.0069,70.23,1.5343,86.89
2026-01-07T13:54:50.569394,31.13,1.3993,73.08,3.0023,69.17,1.5371,87.19
2026-01-07T13:55:50.626311,28.32,1.4474,72.51,3.0106,65.85,1.5331,86.77
2026-01-07T13:56:50.683155,29.01,1.6507,70.92,3.0116,71.16,1.5331,86.77
2026-01-07T13:57:50.740245,27.95,1.6068,70.40,3.0141,70.29,1.5350,86.97
2026-01-07T13:58:50.797062,32.95,1.4688,71.39,3.0057,70.66,1.5331,86.77
2026-01-07T13:59:50.856691,30.89,1.4315,71.90,3.0114,67.69,1.5316,86.61
2026-01-07T14:00:50.913913,26.74,1.4864,72.10,3.0171,70.60,1.5269,86.11
2026-01-07T14:01:50.970864,30.89,1.4796,74.04,3.0139,69.36,1.5349,86.96
2026-01-07T14:02:51.027969,32.15,1.3308,72.08,3.0105,69.05,1.5339,86.85
2026-01-07T14:03:51.085345,27.36,1.5975,70.08,3.0128,67.94,1.5365,87.13
2026-01-07T14:04:51.142361,27.28,1.4891,71.50,3.0214,67.26,1.5359,87.06
2026-01-07T14:05:51.199290,30.64,1.5530,73.31,3.0125,70.78,1.5339,86.85
2026-01-07T14:06:51.256227,30.19,1.4196,71.22,3.0068,67.88,1.5328,86.73
2026-01-07T14:07:51.313216,26.95,1.3974,72.40,3.0080,69.36,1.5304,86.48
2026-01-07T14:08:51.370419,32.08,1.3594,71.60,3.0030,68.62,1.5337,86.84
2026-01-07T14:09:51.427575,27.47,1.4823,72.97,3.0176,72.77,1.5351,86.98
2026-01-07T14:10:51.484634,28.13,1.4691,71.90,3.0097,67.26,1.5276,86.19
2026-01-07T14:11:51.541910,31.05,1.4269,72.34,3.0143,67.94,1.5351,86.98
2026-01-07T14:12:51.598952,27.34,1.4167,70.44,3.0068,69.61,1.5319,86.64
2026-01-07T14:13:51.656977,32.73,1.4254,71.28,3.0168,69.79,1.5357,87.05
2026-01-07T14:14:51.713811,30.15,1.4486,72.78,3.0154,70.04,1.5359,87.06
2026-01-07T14:15:51.770632,30.55,1.4210,71.52,3.0079,71.03,1.5337,86.84
2026-01-07T14:16:51.827518,30.67,1.3846,70.75,3.0141,70.35,1.5357,87.05
2026-01-07T14:17:51.884265,27.48,1.4564,72.21,3.0143,70.47,1.5410,87.61
2026-01-07T14:18:51.942660,32.97,1.4114,70.92,3.0137,71.22,1.5377,87.26
2026-01-07T14:19:51.999474,31.10,1.6396,69.90,3.0082,71.09,1.5343,86.89
2026-01-07T14:20:52.056563,27.78,1.6380,71.05,3.0137,70.66,1.5330,86.76
2026-01-07T14:21:52.113400,31.23,1.4909,72.93,3.0086,69.48,1.5359,87.06
2026-01-07T14:22:52.170302,30.04,1.3441,70.84,3.0195,68.00,1.5311,86.56
2026-01-07T14:23:52.227081,32.66,1.4081,72.06,3.0080,69.36,1.5306,86.51
2026-01-07T14:24:52.283946,30.39,1.4351,71.35,3.0133,67.45,1.5336,86.82
2026-01-07T14:25:52.341202,29.73,1.3810,72.03,3.0112,68.06,1.5286,86.30
2026-01-07T14:26:52.398021,28.62,1.4529,70.97,3.0101,72.46,1.5370,87.18
2026-01-07T14:27:52.455119,30.03,1.6350,72.08,3.0013,69.24,1.5279,86.22
2026-01-07T14:28:52.513062,30.12,1.3725,70.25,3.0181,69.73,1.5325,86.70
2026-01-07T14:29:52.569934,30.94,1.5413,71.45,3.0081,68.68,1.5314,86.59
2026-01-07T14:30:52.627240,30.25,1.6690,71.30,3.0088,68.62,1.5310,86.55
2026-01-07T14:31:52.686493,27.65,1.5685,69.15,1.5300,67.75,1.5306,86.51
2026-01-07T14:32:52.743356,28.81,1.3967,70.69,3.0068,71.78,1.5304,86.48
2026-01-07T14:33:52.793414,30.70,1.5631,71.13,3.0217,70.29,1.5348,86.94
2026-01-07T14:34:52.850397,30.50,1.4519,70.40,3.0246,69.30,1.5337,86.84
2026-01-07T14:35:52.907173,29.98,1.6193,69.19,3.0192,66.95,1.5330,86.76
2026-01-07T14:36:52.967136,30.25,1.3871,72.16,3.0112,68.49,1.5370,87.18
2026-01-07T14:37:53.024323,31.32,1.3376,71.11,3.0125,66.03,1.5353,87.00
2026-01-07T14:38:53.081304,30.95,1.5600,70.19,3.0210,70.47,1.5344,86.90
2026-01-07T14:39:53.138698,27.19,1.6021,69.94,3.0176,66.40,1.5343,86.89
2026-01-07T14:40:53.195667,27.62,1.6389,70.58,3.0121,70.10,1.5325,86.70
2026-01-07T14:41:53.253932,29.55,1.3813,69.40,3.0119,70.66,1.5325,86.70
2026-01-07T14:42:53.311081,27.74,1.4387,71.63,3.0096,68.49,1.5320,86.65
2026-01-07T14:43:53.368063,33.34,1.4016,70.79,3.0063,70.54,1.5355,87.02
2026-01-07T14:44:53.424869,32.75,1.4025,69.92,3.0190,68.12,1.5320,86.65
2026-01-07T14:45:53.481617,27.64,1.4986,71.76,3.0074,68.31,1.5345,86.92
2026-01-07T14:46:53.538500,30.97,1.5132,71.54,3.0025,70.66,1.5385,87.34
2026-01-07T14:47:53.595312,33.28,1.3806,71.91,3.0109,67.75,1.5405,87.55
2026-01-07T14:48:53.652183,28.97,1.6481,69.60,3.0101,67.94,1.5284,86.27
2026-01-07T14:49:53.709038,30.02,1.4005,71.48,3.0108,69.98,1.5343,86.89
2026-01-07T14:50:53.766045,28.42,1.5336,73.17,3.0030,66.95,1.5361,87.09
2026-01-07T14:51:53.822895,29.10,1.3859,72.91,3.0061,68.74,1.5351,86.98
2026-01-07T14:52:53.879720,29.46,1.4685,72.34,3.0054,67.57,1.5317,86.63
2026-01-07T14:53:53.937064,26.89,1.5833,71.07,3.0180,69.05,1.5351,86.98
2026-01-07T14:54:53.994124,27.39,1.3819,71.71,3.0090,68.62,1.5316,86.61
2026-01-07T14:55:54.051466,32.16,1.4956,71.71,3.0128,69.05,1.5344,86.90
2026-01-07T14:56:54.108160,30.99,1.4674,71.13,3.0082,67.75,1.5291,86.35
2026-01-07T14:57:54.165561,31.30,1.3822,71.82,3.0126,67.26,1.5330,86.76
2026-01-07T14:58:54.222440,32.57,1.3609,71.63,3.0181,69.73,1.5265,86.07
2026-01-07T14:59:54.279325,28.95,1.6464,70.75,3.0074,67.69,1.5341,86.88
2026-01-07T15:00:54.336019,30.20,1.5557,73.66,3.0099,67.82,1.5371,87.19
2026-01-07T15:01:54.395191,31.85,1.5217,73.37,3.0120,71.96,1.5301,86.45
2026-01-07T15:02:54.452070,29.48,1.5536,69.63,3.0082,68.06,1.5357,87.05
2026-01-07T15:03:54.509273,30.44,1.4710,72.30,3.0152,67.14,1.5328,86.73
2026-01-07T15:04:54.566122,27.94,1.3784,71.03,3.0070,67.94,1.5365,87.13
2026-01-07T15:05:54.623017,29.77,1.5455,72.84,3.0048,65.17,1.5340,86.86
2026-01-07T15:06:54.680101,32.93,1.4210,71.43,2.9920,72.03,1.5355,87.02
2026-01-07T15:07:54.736943,30.65,1.4009,72.58,2.9980,70.29,1.5339,86.85
2026-01-07T15:08:54.794201,32.25,1.4306,73.55,3.0020,68.43,1.5348,86.94
2026-01-07T15:09:54.850980,30.48,1.6010,73.13,3.0080,69.48,1.5320,86.65
2026-01-07T15:10:54.907870,26.66,1.5605,73.33,3.0070,70.23,1.5386,87.35
2026-01-07T15:11:54.964692,27.81,1.4641,73.69,2.9951,67.63,1.5276,86.19
2026-01-07T15:12:55.021973,32.41,1.3773,72.08,3.0014,67.14,1.5295,86.39
2026-01-07T15:13:55.079119,31.43,1.6945,72.84,3.0010,71.28,1.5330,86.76
2026-01-07T15:14:55.136094,30.44,1.4038,73.42,2.9980,67.20,1.5272,86.15
2026-01-07T15:15:55.193082,32.08,1.3213,72.86,3.0002,70.16,1.5360,87.07
2026-01-07T15:16:55.249916,29.05,1.5857,72.41,2.9976,67.26,1.5337,86.84
2026-01-07T15:17:55.307071,30.55,1.6230,74.16,2.9936,69.67,1.5325,86.70
2026-01-07T15:18:55.364119,31.62,1.4499,73.96,2.9933,70.16,1.5344,86.90
2026-01-07T15:19:55.422190,31.22,1.5682,72.01,2.9970,69.42,1.5364,87.11
2026-01-07T15:20:55.479490,31.29,1.4560,73.20,2.9980,69.48,1.5316,86.61
2026-01-07T15:21:55.536446,28.85,1.4086,72.78,3.0135,68.93,1.5349,86.96
2026-01-07T15:22:55.593843,32.12,1.4087,72.08,3.0069,67.02,1.5301,86.45
2026-01-07T15:23:55.650673,28.47,1.4892,71.63,2.9936,67.02,1.5339,86.85
2026-01-07T15:24:55.708066,31.77,1.5343,73.48,3.0063,69.36,1.5363,87.10
2026-01-07T15:25:55.764898,27.28,1.5308,73.77,3.0008,71.96,1.5320,86.65
2026-01-07T15:26:55.821787,30.50,1.3468,72.73,2.9958,68.86,1.5304,86.48
2026-01-07T15:27:55.878644,29.86,1.6073,71.65,3.0061,67.88,1.5334,86.80
2026-01-07T15:28:55.935420,29.99,1.6433,71.45,3.0060,70.47,1.5333,86.78
2026-01-07T15:29:55.992532,31.27,1.4315,71.60,3.0060,69.05,1.5316,86.61
2026-01-07T15:30:56.049767,30.37,1.5237,71.37,3.0020,69.85,1.5314,86.59
2026-01-07T15:31:56.106738,32.08,1.4167,71.33,2.9930,68.49,1.5341,86.88
2026-01-07T15:32:56.163561,27.14,1.5785,72.82,3.0126,67.32,1.5346,86.93
2026-01-07T15:33:56.220415,26.60,1.5019,72.06,3.0115,68.86,1.5348,86.94
2026-01-07T15:34:56.279552,30.43,1.5325,74.23,3.0136,70.00,1.5316,86.61
2026-01-07T15:35:56.336288,29.11,1.4685,71.28,2.9994,69.36,1.5366,87.14
2026-01-07T15:36:56.393130,32.40,1.4359,71.91,3.0108,68.31,1.5330,86.76
2026-01-07T15:37:56.449863,30.37,1.3709,71.65,3.0056,67.57,1.5316,86.61
2026-01-07T15:38:56.506720,32.01,1.4281,72.32,2.9999,71.47,1.5292,86.36
2026-01-07T15:39:56.563442,28.60,1.4150,71.14,3.0044,70.16,1.5326,86.72
2026-01-07T15:40:56.620174,31.87,1.6076,72.64,3.0017,67.38,1.5316,86.61
2026-01-07T15:41:56.676933,28.33,1.6565,72.69,3.0119,67.20,1.5349,86.96
2026-01-07T15:42:56.733742,30.89,1.5469,73.17,2.9992,68.49,1.5324,86.69
2026-01-07T15:43:56.790525,31.53,1.5272,74.29,3.0049,68.06,1.5349,86.96
2026-01-07T15:44:56.847463,31.31,1.3674,72.67,2.9992,67.63,1.5308,86.52
2026-01-07T15:45:56.904316,27.74,1.6166,71.80,3.0048,68.86,1.5371,87.19
2026-01-07T15:46:56.961149,30.90,1.3779,71.93,3.0082,70.47,1.5328,86.73
2026-01-07T15:47:57.018295,28.72,1.3921,73.64,2.9986,69.11,1.5320,86.65
2026-01-07T15:48:57.075802,28.45,1.5220,72.78,2.9994,70.16,1.5329,86.74
2026-01-07T15:49:57.132636,27.35,1.5759,70.73,3.0110,69.42,1.5349,86.96
2026-01-07T15:50:57.189490,26.72,1.5306,72.82,2.9973,67.82,1.5294,86.37
2026-01-07T15:51:57.246269,30.78,1.3769,72.01,2.9916,67.63,1.5343,86.89
2026-01-07T15:52:57.303144,30.48,1.3282,72.17,3.0059,70.23,1.5284,86.27
2026-01-07T15:53:57.360007,32.09,1.4078,73.86,3.0059,67.32,1.5385,87.34
2026-01-07T15:54:57.416748,27.62,1.6320,72.14,3.0091,67.63,1.5354,87.01
2026-01-07T15:55:57.473509,29.30,1.4059,73.57,3.0041,68.99,1.5340,86.86
2026-01-07T15:56:57.530453,29.30,1.3606,72.65,3.0061,70.60,1.5290,86.34
2026-01-07T15:57:57.587245,28.04,1.5024,71.69,3.0079,69.54,1.5311,86.56
2026-01-07T15:58:57.644093,31.55,1.3876,72.93,3.0020,68.68,1.5341,86.88
2026-01-07T15:59:57.703513,29.96,1.6345,74.56,3.0034,69.54,1.5315,86.60
2026-01-07T16:00:57.761906,30.99,1.6115,75.09,3.0101,67.32,1.5329,86.74
2026-01-07T16:01:57.818682,30.46,1.5786,73.62,2.9874,66.52,1.5294,86.37
2026-01-07T16:02:57.875684,27.62,1.4684,73.95,2.9838,69.11,1.5311,86.56
2026-01-07T16:03:57.933219,29.19,1.3748,72.17,3.0111,68.25,1.5330,86.76
2026-01-07T16:04:57.990324,32.78,1.3785,73.31,3.0013,70.47,1.5294,86.37
2026-01-07T16:05:58.047436,28.61,1.4838,73.46,2.9976,69.36,1.5286,86.30
2026-01-07T16:06:58.104210,27.54,1.6769,72.73,2.9930,66.71,1.5252,85.94
2026-01-07T16:07:58.163623,27.02,1.5739,72.93,2.9915,67.08,1.5428,87.79
2026-01-07T16:08:58.220516,29.15,1.5643,73.19,2.9826,67.45,1.5256,85.98
2026-01-07T16:09:58.277448,29.94,1.5201,73.93,2.9984,68.00,1.5366,87.14
2026-01-07T16:10:58.334286,29.00,1.4085,72.01,3.0021,68.06,1.5348,86.94
2026-01-07T16:11:58.391024,29.09,1.6378,73.80,2.9983,70.47,1.5334,86.80
2026-01-07T16:12:58.447943,31.06,1.5106,73.39,2.9958,68.06,1.5320,86.65
2026-01-07T16:13:58.505002,31.38,1.4914,73.35,2.9965,70.35,1.5299,86.43
2026-01-07T16:14:58.561916,31.84,1.5208,72.76,3.0009,73.27,1.5336,86.82
2026-01-07T16:15:58.618416,28.56,1.5771,72.56,2.9909,69.85,1.5326,86.72
2026-01-07T16:16:58.675273,31.74,1.4407,72.95,3.0074,70.10,1.5340,86.86
2026-01-07T16:17:58.732089,29.48,1.6075,73.02,3.0039,72.34,1.5268,86.10
2026-01-07T16:18:58.789065,29.32,1.3625,72.12,3.0094,67.38,1.5301,86.45
2026-01-07T16:19:58.846046,29.37,1.5533,70.84,2.9985,70.04,1.5334,86.80
2026-01-07T16:20:58.903006,33.82,1.4559,72.01,3.0081,71.09,1.5288,86.31
2026-01-07T16:21:58.960005,29.11,1.6238,72.27,3.0079,68.93,1.5337,86.84
2026-01-07T16:22:59.017136,29.30,1.6514,73.87,2.9924,71.78,1.5366,87.14
2026-01-07T16:23:59.074525,28.40,1.5613,70.79,3.0080,71.22,1.5343,86.89
2026-01-07T16:24:59.131389,32.43,1.3713,73.00,2.9990,68.37,1.5323,86.68
2026-01-07T16:25:59.188162,32.38,1.3974,71.41,2.9969,68.19,1.5373,87.21
2026-01-07T16:26:59.245223,31.86,1.3750,71.99,3.0044,70.29,1.5306,86.51
2026-01-07T16:27:59.302075,29.56,1.5623,73.04,2.9956,67.32,1.5417,87.69
2026-01-07T16:28:59.358970,28.71,1.5800,72.43,3.0015,69.17,1.5394,87.43
2026-01-07T16:29:59.415880,30.27,1.6225,73.19,3.0110,72.21,1.5353,87.00
2026-01-07T16:30:59.472866,27.41,1.5816,72.82,2.9941,70.54,1.5339,86.85
2026-01-07T16:31:59.529801,27.78,1.4740,72.62,2.9994,73.21,1.5357,87.05
2026-01-07T16:32:59.586681,30.34,1.5935,73.29,2.9994,69.79,1.5334,86.80
2026-01-07T16:33:59.643544,28.19,1.5380,73.98,2.9911,69.11,1.5343,86.89
2026-01-07T16:34:59.700585,27.72,1.6151,71.67,2.9968,67.63,1.5360,87.07
2026-01-07T16:35:59.757559,31.84,1.4291,72.75,2.9961,70.85,1.5331,86.77
2026-01-07T16:36:59.814972,32.13,1.5219,72.21,2.9876,70.47,1.5300,86.44
2026-01-07T16:37:59.871950,30.51,1.6090,71.39,3.0078,67.69,1.5336,86.82
2026-01-07T16:38:59.929173,27.94,1.6685,70.50,3.0130,70.47,1.5371,87.19
2026-01-07T16:39:59.986239,27.22,1.6091,72.54,3.0116,72.34,1.5386,87.35
2026-01-07T16:41:00.043993,60.15,1.4074,72.91,3.0082,71.22,1.5305,86.49
2026-01-07T16:42:00.101904,29.44,1.5533,72.54,3.0038,68.43,1.5356,87.04
2026-01-07T16:43:00.158839,30.11,1.4306,73.19,3.0057,69.24,1.5351,86.98
2026-01-07T16:44:00.215788,30.77,1.4688,72.65,3.0014,70.10,1.5356,87.04
2026-01-07T16:45:00.272711,28.57,1.5754,73.08,2.9983,68.62,1.5343,86.89
2026-01-07T16:46:00.329622,27.88,1.4365,73.82,2.9984,72.09,1.5291,86.35
2026-01-07T16:47:00.386599,28.38,1.5254,73.28,3.0013,69.30,1.5368,87.15
2026-01-07T16:48:00.443554,28.20,1.6330,73.75,3.0069,69.36,1.5361,87.09
2026-01-07T16:49:00.500528,27.66,1.3882,73.28,3.0035,69.30,1.5415,87.66
2026-01-07T16:50:00.557360,31.87,1.4761,73.89,3.0023,68.93,1.5369,87.17
2026-01-07T16:51:00.614299,30.55,1.4019,72.69,3.0134,69.24,1.5376,87.25
2026-01-07T16:52:00.671117,31.33,1.7374,71.86,3.0056,70.10,1.5368,87.15
2026-01-07T16:53:00.729846,30.92,3.0000,72.54,1.4745,69.48,1.5297,86.41
2026-01-07T16:54:00.786816,28.51,1.4565,71.33,2.9999,68.12,1.5360,87.07
2026-01-07T16:55:00.843743,26.69,1.5220,71.86,3.0055,66.28,1.5289,86.32
2026-01-07T16:56:00.900739,31.96,1.3782,72.73,2.9935,69.79,1.5353,87.00
2026-01-07T16:57:00.957676,29.48,1.5971,73.96,3.0010,69.73,1.5359,87.06
2026-01-07T16:58:01.014762,27.90,1.4928,74.66,2.9948,66.95,1.5336,86.82
2026-01-07T16:59:01.072325,29.46,1.6339,73.55,2.9983,70.10,1.5349,86.96
2026-01-07T17:00:01.129181,29.76,1.3699,73.33,3.0114,71.65,1.5334,86.80
2026-01-07T17:01:01.186101,27.38,1.4518,71.88,3.0013,71.28,1.5373,87.21
2026-01-07T17:02:01.243004,28.94,1.5790,73.08,2.9983,67.20,1.5331,86.77
2026-01-07T17:03:01.299888,28.07,1.5871,73.66,2.9981,68.00,1.5384,87.33
2026-01-07T17:04:01.356894,31.40,1.6184,73.04,2.9936,71.96,1.5304,86.48
2026-01-07T17:05:01.413750,30.55,1.5593,73.53,3.0031,73.52,1.5340,86.86
2026-01-07T17:06:01.470519,31.69,1.3807,72.10,3.0015,69.36,1.5361,87.09
2026-01-07T17:07:01.527740,28.34,1.4872,72.12,3.0036,69.79,1.5325,86.70
2026-01-07T17:08:01.584562,32.71,1.4336,72.10,3.0129,70.41,1.5396,87.46
2026-01-07T17:09:01.644273,30.95,1.4138,72.71,3.0072,69.05,1.5425,87.77
2026-01-07T17:10:01.701421,29.74,1.6384,73.80,3.0181,68.99,1.5349,86.96
2026-01-07T17:11:01.758209,28.22,1.5500,74.02,3.0023,73.21,1.5279,86.22
2026-01-07T17:12:01.815116,31.91,1.4584,73.00,3.0009,69.11,1.5363,87.10
2026-01-07T17:13:01.872644,29.02,1.5086,71.88,3.0106,67.75,1.5326,86.72
2026-01-07T17:14:01.929970,28.10,1.5225,71.78,2.9980,70.16,1.5357,87.05
2026-01-07T17:15:01.987169,31.82,1.5420,72.67,2.9998,70.47,1.5344,86.90
2026-01-07T17:16:02.044082,27.07,1.4794,72.36,3.0013,71.28,1.5295,86.39
2026-01-07T17:17:02.100968,30.62,1.5530,72.36,3.0055,71.53,1.5353,87.00
2026-01-07T17:18:02.157994,30.34,1.5384,73.53,2.9992,69.48,1.5374,87.22
2026-01-07T17:19:02.214833,32.35,1.4038,71.76,3.0049,69.30,1.5333,86.78
2026-01-07T17:20:02.271701,32.70,1.5617,72.71,3.0008,71.03,1.5317,86.63
2026-01-07T17:21:02.328594,27.63,1.6487,72.93,3.0162,68.25,1.5317,86.63
2026-01-07T17:22:02.385410,31.80,1.4978,72.10,3.0135,70.66,1.5343,86.89
2026-01-07T17:23:02.442292,28.50,1.5243,69.46,3.0055,69.67,1.5374,87.22
2026-01-07T17:24:02.499128,29.07,1.5611,71.31,3.0146,68.93,1.5371,87.19
2026-01-07T17:25:02.555870,27.33,1.4749,73.48,3.0034,70.91,1.5326,86.72
2026-01-07T17:26:02.612691,30.61,1.5030,72.87,2.9970,66.34,1.5321,86.66
2026-01-07T17:27:02.669336,27.32,1.4361,71.24,3.0133,71.65,1.5370,87.18
2026-01-07T17:28:02.726154,31.56,1.3601,72.54,3.0093,70.66,1.5296,86.40
2026-01-07T17:29:02.783657,31.45,1.4451,72.32,3.0056,67.88,1.5323,86.68
2026-01-07T17:30:02.840586,26.70,1.5696,71.26,3.0099,67.20,1.5345,86.92
2026-01-07T17:31:02.897774,27.75,1.4134,71.58,3.0145,71.28,1.5386,87.35
2026-01-07T17:32:02.954819,29.16,1.5711,72.45,3.0161,71.40,1.5353,87.00
2026-01-07T17:33:03.012105,30.60,1.3922,70.44,3.0038,69.67,1.5337,86.84
2026-01-07T17:34:03.069137,30.67,1.5954,70.80,3.0111,68.99,1.5331,86.77
2026-01-07T17:35:03.126189,27.31,1.4899,70.59,3.0128,69.54,1.5312,86.57
2026-01-07T17:36:03.183142,28.86,1.5275,71.95,3.0109,68.99,1.5391,87.41
2026-01-07T17:37:03.241288,28.23,1.4761,71.41,3.0116,70.29,1.5368,87.15
2026-01-07T17:38:03.298349,29.54,1.6198,72.80,3.0024,68.56,1.5335,86.81
2026-01-07T17:39:03.355281,31.11,1.4250,72.12,3.0176,70.91,1.5320,86.65
2026-01-07T17:40:03.412186,28.28,1.3984,72.64,3.0145,70.97,1.5337,86.84
2026-01-07T17:41:03.469049,29.43,1.3579,71.82,2.9969,72.96,1.5323,86.68
2026-01-07T17:42:03.528510,33.28,1.4731,71.97,3.0084,69.85,1.5390,87.39
2026-01-07T17:43:03.585465,31.69,1.3750,73.15,3.0094,71.90,1.5284,86.27
2026-01-07T17:44:03.642472,27.48,1.6279,71.95,3.0074,69.48,1.5305,86.49
2026-01-07T17:45:03.699328,30.68,1.3357,71.80,3.0025,69.98,1.5317,86.63
2026-01-07T17:46:03.757214,27.99,1.4946,72.53,3.0126,69.30,1.5354,87.01
2026-01-07T17:47:03.814002,32.71,1.4575,72.69,3.0042,68.86,1.5330,86.76
2026-01-07T17:48:03.870958,28.24,1.4919,71.30,3.0136,69.24,1.5406,87.57
2026-01-07T17:49:03.927897,28.76,1.6240,71.76,3.0069,69.48,1.5329,86.74
2026-01-07T17:50:03.984855,28.99,1.5461,73.09,3.0046,72.96,1.5311,86.56
2026-01-07T17:51:04.041920,30.91,1.3464,70.33,3.0040,69.24,1.5381,87.30
2026-01-07T17:52:04.098903,28.81,1.5760,73.17,3.0036,66.89,1.5343,86.89
2026-01-07T17:53:04.155810,29.18,1.4536,70.82,3.0036,71.96,1.5348,86.94
2026-01-07T17:54:04.212545,27.20,1.4839,71.48,3.0145,69.98,1.5339,86.85
2026-01-07T17:55:04.269400,31.51,1.3921,72.04,3.0032,70.16,1.5334,86.80
2026-01-07T17:56:04.326182,31.40,1.5109,72.21,3.0063,68.80,1.5400,87.50
2026-01-07T17:57:04.382998,32.47,1.5636,71.45,3.0175,67.32,1.5328,86.73
2026-01-07T17:58:04.439521,29.27,1.4524,70.58,3.0255,70.60,1.5356,87.04
2026-01-07T17:59:04.496321,26.51,1.5563,70.71,3.0255,69.05,1.5316,86.61
2026-01-07T18:00:04.553268,29.18,1.5323,70.33,3.0114,69.67,1.5366,87.14
2026-01-07T18:01:04.610668,28.77,1.4316,69.07,3.0255,68.93,1.5312,86.57
2026-01-07T18:02:04.667513,30.93,1.6231,71.11,3.0155,72.09,1.5376,87.25
2026-01-07T18:03:04.724520,31.61,1.4255,70.48,3.0184,68.99,1.5288,86.31
2026-01-07T18:04:04.781464,30.45,1.3880,72.56,3.0101,70.66,1.5366,87.14
2026-01-07T18:05:04.838350,28.00,1.5548,69.89,3.0154,68.62,1.5325,86.70
2026-01-07T18:06:04.895302,28.40,1.4535,69.48,3.0122,69.98,1.5305,86.49
2026-01-07T18:07:04.952217,30.58,1.4570,71.97,3.0106,71.34,1.5360,87.07
2026-01-07T18:08:05.009327,27.35,1.6335,71.26,3.0139,70.04,1.5341,86.88
2026-01-07T18:09:05.066385,27.53,1.6054,71.28,3.0266,68.68,1.5331,86.77
2026-01-07T18:10:05.125895,28.07,1.5500,71.11,3.0134,71.03,1.5399,87.49
2026-01-07T18:11:05.182866,32.48,1.3685,69.87,3.0166,68.25,1.5306,86.51
2026-01-07T18:12:05.239990,32.91,1.5270,68.60,3.0251,72.03,1.5354,87.01
2026-01-07T18:13:05.296876,31.85,1.5897,70.84,3.0286,68.49,1.5414,87.65
2026-01-07T18:14:05.353671,28.22,1.6629,70.12,3.0131,68.37,1.5391,87.41
2026-01-07T18:15:05.410446,27.23,1.6294,70.29,3.0245,68.74,1.5310,86.55
2026-01-07T18:16:05.467412,27.27,1.5740,71.01,3.0097,69.85,1.5309,86.53
2026-01-07T18:17:05.524370,32.99,1.3676,70.21,3.0199,69.79,1.5357,87.05
2026-01-07T18:18:05.581277,29.78,1.5424,70.14,3.0149,70.41,1.5348,86.94
2026-01-07T18:19:05.638219,30.74,1.5877,70.54,3.0100,70.47,1.5353,87.00
2026-01-07T18:20:05.695218,27.46,1.5844,68.18,3.0140,69.67,1.5350,86.97
2026-01-07T18:21:05.747790,31.11,1.4007,69.98,3.0278,71.40,1.5345,86.92
2026-01-07T18:22:05.804969,32.45,1.4015,70.79,3.0096,71.22,1.5336,86.82
2026-01-07T18:23:05.861915,29.83,1.6170,70.54,3.0110,70.47,1.5359,87.06
2026-01-07T18:24:05.918848,30.25,1.6030,71.93,3.0128,66.83,1.5366,87.14
2026-01-07T18:25:05.975824,26.84,1.5410,70.06,3.0220,68.12,1.5339,86.85
2026-01-07T18:26:06.032383,30.59,1.3501,71.22,3.0196,67.08,1.5297,86.41
2026-01-07T18:27:06.090415,33.32,1.5104,71.52,3.0149,67.88,1.5301,86.45
2026-01-07T18:28:06.147223,31.97,1.5306,68.06,3.0235,68.12,1.5371,87.19
2026-01-07T18:29:06.204053,30.27,1.5915,69.36,3.0229,70.60,1.5393,87.42
2026-01-07T18:30:06.261009,30.61,1.3758,70.12,3.0270,72.09,1.5310,86.55
2026-01-07T18:31:06.317835,29.12,1.5896,70.35,3.0104,69.67,1.5356,87.04
2026-01-07T18:32:06.374712,32.66,1.4931,69.28,3.0105,67.38,1.5335,86.81
2026-01-07T18:33:06.431542,30.93,1.4320,69.17,3.0144,69.61,1.5360,87.07
2026-01-07T18:34:06.488268,29.19,1.5925,69.81,3.0171,70.60,1.5304,86.48
2026-01-07T18:35:06.545088,30.82,1.3346,71.71,3.0053,69.92,1.5371,87.19
2026-01-07T18:36:06.601998,32.63,1.3284,70.00,3.0216,70.35,1.5310,86.55
2026-01-07T18:37:06.658976,30.37,1.5346,70.73,3.0340,71.34,1.5366,87.14
2026-01-07T18:38:06.716251,31.80,1.4166,69.87,3.0204,72.71,1.5369,87.17
2026-01-07T18:39:06.773589,31.19,1.5785,70.23,3.0204,68.80,1.5311,86.56
2026-01-07T18:40:06.830344,28.77,1.3981,69.60,3.0192,68.25,1.5348,86.94
2026-01-07T18:41:06.887623,28.31,1.4119,72.30,3.0146,71.59,1.5357,87.05
2026-01-07T18:42:06.944591,31.90,1.3484,70.77,3.0129,71.65,1.5343,86.89
2026-01-07T18:43:06.997098,60.45,1.5171,192.39,3.0100,68.00,1.5386,87.35
2026-01-07T18:44:07.054189,28.30,1.3668,69.73,3.0223,71.22,1.5389,87.38
2026-01-07T18:45:07.111152,29.45,1.5440,70.71,3.0089,68.25,1.5319,86.64
2026-01-07T18:46:07.167967,28.45,1.4969,69.27,3.0196,70.16,1.5348,86.94
2026-01-07T18:47:07.224863,29.77,1.5691,71.41,3.0104,69.73,1.5350,86.97
2026-01-07T18:48:07.281887,29.54,1.6020,69.09,3.0136,69.61,1.5336,86.82
2026-01-07T18:49:07.338759,28.33,1.6080,71.22,3.0244,71.65,1.5343,86.89
2026-01-07T18:50:07.395638,27.04,1.4684,69.71,3.0265,67.75,1.5275,86.18
2026-01-07T18:51:07.452517,32.62,1.4119,71.78,3.0232,69.24,1.5346,86.93
2026-01-07T18:52:07.509449,28.25,1.4579,68.97,3.0164,68.74,1.5369,87.17
2026-01-07T18:53:07.566285,30.32,1.6338,70.12,3.0110,71.90,1.5316,86.61
2026-01-07T18:54:07.624550,30.14,1.6671,70.86,3.0285,71.47,1.5329,86.74
2026-01-07T18:55:07.681787,27.53,1.6340,69.67,3.0253,69.17,1.5317,86.63
2026-01-07T18:56:07.738550,26.61,1.4988,70.14,3.0192,68.86,1.5311,86.56
2026-01-07T18:57:07.795395,28.21,1.4969,70.69,3.0144,71.34,1.5375,87.23
2026-01-07T18:58:07.852116,29.92,1.3882,71.31,3.0166,71.84,1.5330,86.76
2026-01-07T18:59:07.908973,29.89,1.4326,69.98,3.0255,71.72,1.5315,86.60
2026-01-07T19:00:07.965854,28.48,1.4625,69.94,3.0312,69.30,1.5330,86.76
2026-01-07T19:01:08.022983,27.51,1.6395,71.16,3.0289,70.47,1.5356,87.04
2026-01-07T19:02:08.080014,31.27,1.5377,69.13,3.0246,66.16,1.5357,87.05
2026-01-07T19:03:08.136798,30.77,1.3680,70.06,3.0294,69.61,1.5323,86.68
2026-01-07T19:04:08.193584,28.45,1.5146,70.94,3.0232,66.89,1.5326,86.72
2026-01-07T19:05:08.250634,32.51,1.5689,69.36,3.0257,70.10,1.5353,87.00
2026-01-07T19:06:08.307553,27.21,1.5501,71.31,3.0125,67.69,1.5348,86.94
2026-01-07T19:07:08.364249,28.43,1.3816,69.36,3.0148,70.72,1.5353,87.00
2026-01-07T19:08:08.421070,31.19,1.5248,67.92,3.0174,71.16,1.5383,87.31
2026-01-07T19:09:08.477853,31.95,1.5524,70.52,3.0118,67.26,1.5424,87.75
2026-01-07T19:10:08.534477,30.54,1.6288,70.00,3.0165,68.86,1.5386,87.35
2026-01-07T19:11:08.594433,29.13,1.6706,70.80,3.0241,70.60,1.5435,87.87
2026-01-07T19:12:08.651498,31.09,1.4660,70.16,3.0293,69.42,1.5394,87.43
2026-01-07T19:13:08.708524,30.45,1.4099,69.05,3.0249,69.11,1.5330,86.76
2026-01-07T19:14:08.768313,28.27,1.5388,70.31,3.0091,69.54,1.5351,86.98
2026-01-07T19:15:08.825086,28.44,1.5463,70.59,3.0198,70.35,1.5381,87.30
2026-01-07T19:16:08.881848,32.51,1.5104,68.93,3.0190,69.73,1.5359,87.06
2026-01-07T19:17:08.938678,32.30,1.5970,68.66,3.0239,69.36,1.5365,87.13
2026-01-07T19:18:08.995743,32.47,1.5560,69.75,3.0240,73.15,1.5344,86.90
2026-01-07T19:19:09.052770,31.19,1.4879,68.28,3.0319,65.36,1.5379,87.27
2026-01-07T19:20:09.109801,27.49,1.6536,68.68,3.0191,72.65,1.5380,87.29
2026-01-07T19:21:09.166648,30.44,1.3473,69.07,3.0234,68.00,1.5373,87.21
2026-01-07T19:22:09.224095,29.17,1.5333,68.80,3.0364,70.10,1.5323,86.68
2026-01-07T19:23:09.281011,32.75,1.4752,69.15,3.0234,67.45,1.5330,86.76
2026-01-07T19:24:09.337901,31.94,1.5614,68.99,3.0265,68.37,1.5329,86.74
2026-01-07T19:25:09.394860,28.18,1.6540,71.07,3.0245,68.31,1.5373,87.21
2026-01-07T19:26:09.451828,28.02,1.6251,69.40,3.0353,68.62,1.5270,86.13
2026-01-07T19:27:09.509228,28.85,1.6051,69.46,3.0110,71.22,1.5368,87.15
2026-01-07T19:28:09.566211,27.63,1.5389,69.09,3.0201,68.00,1.5303,86.47
2026-01-07T19:29:09.623511,29.07,1.3509,69.50,3.0246,70.29,1.5330,86.76
2026-01-07T19:30:09.680430,32.28,1.4891,69.30,3.0250,68.93,1.5295,86.39
2026-01-07T19:31:09.737284,29.07,1.6407,68.56,3.0343,69.73,1.5331,86.77
2026-01-07T19:32:09.794205,27.68,1.4611,67.52,3.0293,71.47,1.5345,86.92
2026-01-07T19:33:09.851188,29.17,1.4180,69.62,3.0274,70.35,1.5308,86.52
2026-01-07T19:34:09.908084,28.22,1.5729,69.54,3.0316,71.90,1.5304,86.48
2026-01-07T19:35:09.964971,30.49,1.3245,68.04,3.0229,68.06,1.5286,86.30
2026-01-07T19:36:10.022022,30.93,1.5310,68.85,3.0278,71.47,1.5326,86.72
2026-01-07T19:37:10.078901,31.86,1.3738,69.50,3.0272,66.71,1.5321,86.66
2026-01-07T19:38:10.136002,31.01,1.6780,67.84,3.0304,68.93,1.5391,87.41
2026-01-07T19:39:10.192932,29.38,1.4114,68.20,3.0281,69.92,1.5333,86.78
2026-01-07T19:40:10.249867,27.28,1.4278,68.02,3.0353,67.88,1.5348,86.94
2026-01-07T19:41:10.306731,27.20,1.5234,68.74,3.0362,69.98,1.5350,86.97
2026-01-07T19:42:10.363982,27.45,1.4734,68.38,3.0246,68.12,1.5370,87.18
2026-01-07T19:43:10.420789,32.66,1.3954,68.20,3.0223,67.02,1.5331,86.77
2026-01-07T19:44:10.480440,31.65,1.5314,68.34,3.0244,70.00,1.5385,87.34
2026-01-07T19:45:10.537523,32.12,1.5371,69.42,3.0219,65.30,1.5377,87.26
2026-01-07T19:46:10.594562,31.09,1.4763,68.16,3.0305,69.61,1.5380,87.29
2026-01-07T19:47:10.651073,30.73,1.3855,69.48,3.0345,68.68,1.5423,87.74
2026-01-07T19:48:10.707963,27.22,1.4261,70.23,3.0246,71.65,1.5291,86.35
2026-01-07T19:49:10.764804,28.86,1.3686,69.71,3.0276,70.78,1.5292,86.36
2026-01-07T19:50:10.821919,29.04,1.5837,70.48,3.0242,67.32,1.5315,86.60
2026-01-07T19:51:10.878806,32.93,1.4185,68.22,3.0284,69.98,1.5289,86.32
2026-01-07T19:52:10.935653,31.35,1.4333,69.63,3.0345,64.99,1.5324,86.69
2026-01-07T19:53:10.992787,27.12,1.6061,68.44,3.0355,68.62,1.5381,87.30
2026-01-07T19:54:11.049962,27.08,1.5604,67.94,3.0326,71.40,1.5340,86.86
2026-01-07T19:55:11.107007,31.43,1.4906,68.08,3.0366,68.56,1.5339,86.85
2026-01-07T19:56:11.164087,32.12,1.3374,68.28,3.0324,70.10,1.5344,86.90
2026-01-07T19:57:11.221099,32.07,1.3676,69.01,3.0293,68.00,1.5264,86.06
2026-01-07T19:58:11.278039,27.41,1.5828,67.58,3.0341,70.29,1.5321,86.66
2026-01-07T19:59:11.334943,27.30,1.6451,68.54,3.0362,69.92,1.5305,86.49
2026-01-07T20:00:11.391936,27.11,1.4995,68.64,3.0376,70.47,1.5310,86.55
2026-01-07T20:01:11.448425,30.74,1.4652,68.85,3.0394,71.78,1.5344,86.90
2026-01-07T20:02:11.505288,29.25,1.5579,67.54,3.0358,67.51,1.5337,86.84
2026-01-07T20:03:11.562118,29.91,1.3686,66.61,3.0404,68.37,1.5343,86.89
2026-01-07T20:04:11.618967,32.10,1.3746,66.51,3.0431,71.03,1.5349,86.96
2026-01-07T20:05:11.675747,30.45,1.5909,68.34,3.0309,68.74,1.5279,86.22
2026-01-07T20:06:11.732450,27.01,1.4820,68.85,3.0358,69.79,1.5363,87.10
2026-01-07T20:07:11.791568,28.25,1.3679,67.46,3.0449,71.96,1.5343,86.89
2026-01-07T20:08:11.849042,29.26,1.5455,69.19,3.0350,70.04,1.5326,86.72
2026-01-07T20:09:11.906189,31.11,1.3482,67.28,3.0409,69.30,1.5346,86.93
2026-01-07T20:10:11.963023,31.13,1.5885,67.54,3.0299,66.89,1.5375,87.23
2026-01-07T20:11:12.020269,28.62,1.6547,67.48,3.0288,68.62,1.5305,86.49
2026-01-07T20:12:12.079139,27.88,1.4896,67.64,3.0423,68.31,1.5283,86.26
2026-01-07T20:13:12.136960,30.23,1.4176,67.54,3.0339,69.48,1.5340,86.86
2026-01-07T20:14:12.194079,27.57,1.4431,68.34,3.0385,68.80,1.5379,87.27
2026-01-07T20:15:12.251205,31.93,1.4789,67.18,3.0401,66.83,1.5363,87.10
2026-01-07T20:16:12.308199,29.15,1.4463,67.92,3.0435,71.09,1.5329,86.74
2026-01-07T20:17:12.366287,28.54,1.4025,66.35,3.0325,68.74,1.5353,87.00
2026-01-07T20:18:12.423205,28.83,1.6260,67.28,3.0389,70.35,1.5360,87.07
2026-01-07T20:19:12.480355,29.10,1.4280,66.73,3.0421,67.82,1.5348,86.94
2026-01-07T20:20:12.536845,26.80,1.5717,66.94,3.0391,67.51,1.5328,86.73
2026-01-07T20:21:12.594287,30.39,1.3958,67.40,3.0429,72.28,1.5339,86.85
2026-01-07T20:22:12.651231,32.24,1.3696,67.94,3.0320,68.31,1.5316,86.61
2026-01-07T20:23:12.708031,29.55,1.3713,67.62,3.0333,69.36,1.5306,86.51
2026-01-07T20:24:12.764972,29.60,1.5845,68.10,3.0375,67.82,1.5346,86.93
2026-01-07T20:25:12.821924,31.92,1.3975,66.02,3.0344,69.17,1.5375,87.23
2026-01-07T20:26:12.878879,27.54,1.6338,67.24,3.0308,67.51,1.5301,86.45
2026-01-07T20:27:12.936011,30.82,1.4505,65.97,3.0406,72.46,1.5375,87.23
2026-01-07T20:28:12.994688,28.28,1.3781,66.20,3.0373,68.74,1.5373,87.21
2026-01-07T20:29:13.051555,31.58,1.4244,67.06,3.0358,67.32,1.5350,86.97
2026-01-07T20:30:13.108424,31.83,1.5070,67.64,3.0404,68.37,1.5333,86.78
2026-01-07T20:31:13.165381,28.82,1.5101,68.04,3.0350,70.23,1.5297,86.41
2026-01-07T20:32:13.222421,32.98,1.4829,66.02,3.0310,68.37,1.5314,86.59
2026-01-07T20:33:13.279502,27.81,1.4959,67.84,3.0465,70.04,1.5317,86.63
2026-01-07T20:34:13.336612,30.38,1.6455,65.02,3.0370,68.93,1.5370,87.18
2026-01-07T20:35:13.393496,30.34,1.3839,67.12,3.0482,67.69,1.5394,87.43
2026-01-07T20:36:13.450360,29.80,1.3865,66.73,3.0445,62.79,1.5364,87.11
2026-01-07T20:37:13.507206,30.19,1.3565,69.67,3.0373,70.29,1.5336,86.82
2026-01-07T20:38:13.564132,31.54,1.4604,66.12,3.0394,68.25,1.5371,87.19
2026-01-07T20:39:13.621119,33.25,1.4735,67.70,3.0379,67.94,1.5377,87.26
2026-01-07T20:40:13.678398,29.33,1.5755,66.69,3.0349,70.16,1.5363,87.10
2026-01-07T20:41:13.735204,31.95,1.5310,68.56,3.0406,68.25,1.5344,86.90
2026-01-07T20:42:13.792053,26.79,1.5770,67.84,3.0368,70.54,1.5330,86.76
2026-01-07T20:43:13.849115,28.13,1.6175,67.62,3.0314,66.16,1.5291,86.35
2026-01-07T20:44:13.905999,31.16,1.4241,67.70,3.0345,67.88,1.5377,87.26
2026-01-07T20:45:13.963544,30.71,1.3214,68.04,3.0439,68.93,1.5348,86.94
2026-01-07T20:46:14.020780,28.63,1.3911,67.42,3.0408,66.89,1.5289,86.32
2026-01-07T20:47:14.077735,32.20,1.4311,69.07,3.0325,63.58,1.5344,86.90
2026-01-07T20:48:14.134714,30.00,1.4371,68.89,3.0293,70.47,1.5355,87.02
2026-01-07T20:49:14.191658,29.78,1.4185,68.70,3.0393,67.88,1.5334,86.80
2026-01-07T20:50:14.248559,26.80,1.4679,67.28,3.0356,70.29,1.5364,87.11
2026-01-07T20:51:14.305761,31.55,1.3230,69.01,3.0365,69.98,1.5334,86.80
2026-01-07T20:52:14.362557,32.51,1.4265,67.02,3.0305,67.32,1.5408,87.58
2026-01-07T20:53:14.419537,29.95,1.4179,66.59,3.0311,71.16,1.5348,86.94
2026-01-07T20:54:14.476422,27.47,1.4884,67.18,3.0534,71.47,1.5368,87.15
2026-01-07T20:55:14.533427,29.96,1.6646,67.38,3.0376,70.16,1.5359,87.06
2026-01-07T20:56:14.590484,27.57,1.5711,67.12,3.0410,70.97,1.5339,86.85
2026-01-07T20:57:14.647407,28.37,1.6125,66.16,3.0396,70.23,1.5314,86.59
2026-01-07T20:58:14.704388,31.48,1.3105,66.92,3.0356,64.99,1.5320,86.65
2026-01-07T20:59:14.761222,28.39,1.4495,67.48,3.0318,70.91,1.5355,87.02
2026-01-07T21:00:14.818050,28.84,1.4204,67.94,3.0438,67.82,1.5323,86.68
2026-01-07T21:01:14.874968,30.47,1.4451,68.34,3.0436,69.36,1.5349,86.96
2026-01-07T21:02:14.931796,27.84,1.6594,67.64,3.0400,68.06,1.5344,86.90
2026-01-07T21:03:14.988833,26.68,1.5072,65.89,3.0341,69.98,1.5357,87.05
2026-01-07T21:04:15.045881,27.51,1.5463,67.22,3.0376,69.48,1.5317,86.63
2026-01-07T21:05:15.105368,30.65,1.5064,66.69,3.0251,72.09,1.5355,87.02
2026-01-07T21:06:15.162832,28.59,1.5489,67.18,3.0374,70.78,1.5250,85.92
2026-01-07T21:07:15.219669,31.74,1.5145,65.64,3.0291,70.41,1.5337,86.84
2026-01-07T21:08:15.276528,31.27,1.3746,67.80,3.0391,68.31,1.5339,86.85
2026-01-07T21:09:15.333324,31.73,1.3961,66.77,3.0353,69.05,1.5328,86.73
2026-01-07T21:10:15.390226,28.10,1.6414,66.63,3.0329,68.99,1.5353,87.00
2026-01-07T21:11:15.446990,29.19,1.5853,65.48,3.0411,66.83,1.5359,87.06
2026-01-07T21:12:15.503852,31.82,1.4523,65.91,3.0289,68.37,1.5299,86.43
2026-01-07T21:13:15.562766,31.13,1.3128,67.34,3.0340,72.46,1.5320,86.65
2026-01-07T21:14:15.619755,32.09,1.3155,66.51,3.0369,67.51,1.5328,86.73
2026-01-07T21:15:15.676701,28.05,1.4720,67.90,3.0451,68.00,1.5369,87.17
2026-01-07T21:16:15.734071,29.97,1.6168,66.12,3.0384,69.48,1.5320,86.65
2026-01-07T21:17:15.791113,32.47,1.5330,66.43,3.0415,70.54,1.5355,87.02
2026-01-07T21:18:15.847958,26.55,1.5905,67.82,3.0379,69.24,1.5323,86.68
2026-01-07T21:19:15.904976,29.78,1.3620,67.24,3.0401,70.66,1.5272,86.15
2026-01-07T21:20:15.961734,27.93,1.5549,65.37,3.0308,70.23,1.5343,86.89
2026-01-07T21:21:16.018597,32.11,1.4761,68.02,3.0359,69.98,1.5311,86.56
2026-01-07T21:22:16.075619,29.11,1.5775,66.65,3.0311,70.91,1.5366,87.14
2026-01-07T21:23:16.132734,29.93,1.6361,66.77,3.0433,68.43,1.5360,87.07
2026-01-07T21:24:16.189588,31.83,1.4333,66.86,3.0351,67.69,1.5386,87.35
2026-01-07T21:25:16.246471,31.33,1.4093,69.32,3.0413,69.11,1.5360,87.07
2026-01-07T21:26:16.303375,30.78,1.5481,67.34,3.0429,67.94,1.5308,86.52
2026-01-07T21:27:16.360221,26.57,1.5348,69.07,3.0383,69.05,1.5326,86.72
2026-01-07T21:28:16.417083,31.59,1.3885,65.93,3.0388,71.28,1.5276,86.19
2026-01-07T21:29:16.473925,32.30,1.3856,67.74,3.0370,69.79,1.5363,87.10
2026-01-07T21:30:16.530895,33.18,1.4027,67.76,3.0430,68.37,1.5383,87.31
2026-01-07T21:31:16.587980,30.20,1.4316,66.90,3.0373,72.65,1.5321,86.66
2026-01-07T21:32:16.644788,31.67,1.4394,67.20,3.0361,69.73,1.5334,86.80
2026-01-07T21:33:16.701641,30.32,1.5781,66.26,3.0308,71.96,1.5354,87.01
2026-01-07T21:34:16.758537,30.24,1.4016,65.77,3.0309,68.37,1.5353,87.00
2026-01-07T21:35:16.817933,31.66,1.4674,205.93,3.0334,68.25,1.5311,86.56
2026-01-07T21:36:16.874744,31.66,1.3451,67.00,3.0360,71.09,1.5379,87.27
2026-01-07T21:37:16.931629,32.20,1.3510,67.10,3.0436,68.86,1.5323,86.68
2026-01-07T21:38:16.988710,32.53,1.3755,66.90,3.0373,66.77,1.5320,86.65
2026-01-07T21:39:17.045763,32.02,1.3985,65.29,3.0489,73.27,1.5356,87.04
2026-01-07T21:40:17.103143,31.02,1.5991,64.91,3.0445,66.03,1.5388,87.37
2026-01-07T21:41:17.169351,30.76,1.5185,67.24,3.0433,68.86,1.4650,79.84
2026-01-07T21:42:17.226259,27.63,1.5196,66.82,3.0410,70.16,1.5354,87.01
2026-01-07T21:43:17.283123,28.39,1.6614,67.84,3.0350,67.38,1.5391,87.41
2026-01-07T21:44:17.340096,28.07,1.6289,67.38,3.0476,69.67,1.5379,87.27
2026-01-07T21:45:17.397070,31.33,1.5089,66.12,3.0424,69.48,1.5319,86.64
2026-01-07T21:46:17.451452,30.63,1.4160,66.18,3.0417,70.16,1.5361,87.09
2026-01-07T21:47:17.508303,28.77,1.4794,66.69,3.0440,71.03,1.5303,86.47
2026-01-07T21:48:17.565623,33.05,1.5551,65.93,3.0406,71.03,1.5329,86.74
2026-01-07T21:49:17.622727,28.55,1.6354,66.92,3.0497,68.00,1.5343,86.89
2026-01-07T21:50:17.679776,31.13,1.4258,67.02,3.0326,70.35,1.5333,86.78
2026-01-07T21:51:17.736657,27.50,1.6480,66.08,3.0514,69.92,1.5316,86.61
2026-01-07T21:52:17.793517,26.65,1.5364,66.43,3.0421,69.11,1.5330,86.76
2026-01-07T21:53:17.850713,27.43,1.5039,67.62,3.0441,66.83,1.5312,86.57
2026-01-07T21:54:17.907516,31.45,1.5254,66.43,3.0419,67.82,1.5360,87.07
2026-01-07T21:55:17.964475,32.88,1.4984,66.88,3.0346,69.54,1.5337,86.84
2026-01-07T21:56:18.022285,31.42,1.5935,67.50,3.0381,70.04,1.5364,87.11
2026-01-07T21:57:18.079128,32.45,1.4581,66.49,3.0380,71.78,1.5350,86.97
2026-01-07T21:58:18.135884,31.36,1.4631,66.77,3.0520,70.04,1.5396,87.46
2026-01-07T21:59:18.192743,27.67,1.3850,66.41,3.0454,69.79,1.5310,86.55
2026-01-07T22:00:18.249598,27.52,1.4529,65.79,3.0446,70.41,1.5355,87.02
2026-01-07T22:01:18.306649,28.07,1.5424,65.75,3.0331,67.94,1.5305,86.49
2026-01-07T22:02:18.363670,32.60,1.5509,65.83,3.0435,70.66,1.5275,86.18
2026-01-07T22:03:18.420695,27.85,1.5826,66.08,3.0474,68.43,1.5341,86.88
2026-01-07T22:04:18.477554,28.59,1.6539,66.08,3.0471,69.67,1.5370,87.18
2026-01-07T22:05:18.534426,31.20,1.4306,66.02,3.0499,71.47,1.5355,87.02
2026-01-07T22:06:18.592156,30.15,1.3521,66.82,3.0489,68.06,1.5300,86.44
2026-01-07T22:07:18.649038,28.58,1.5231,69.11,3.0461,69.42,1.5326,86.72
2026-01-07T22:08:18.707978,28.77,1.4580,64.93,3.0349,68.86,1.5368,87.15
2026-01-07T22:09:18.764865,33.28,1.4022,65.54,3.0423,70.60,1.5291,86.35
2026-01-07T22:10:18.821634,32.14,1.3969,66.65,3.0420,71.34,1.5335,86.81
2026-01-07T22:11:18.878555,28.81,1.4412,65.93,3.0413,69.79,1.5331,86.77
2026-01-07T22:12:18.935399,26.06,1.5160,67.08,3.0390,70.16,1.5363,87.10
2026-01-07T22:13:18.993157,28.55,1.3775,65.64,3.0353,69.98,1.5294,86.37
2026-01-07T22:14:19.052261,31.22,1.5364,66.35,3.0420,70.00,1.5331,86.77
2026-01-07T22:15:19.109068,27.79,1.4652,64.89,3.0404,70.78,1.5368,87.15
2026-01-07T22:16:19.165854,32.06,1.3336,66.82,3.0417,66.46,1.5406,87.57
2026-01-07T22:17:19.222760,31.91,1.6031,65.12,3.0541,71.22,1.5349,86.96
2026-01-07T22:18:19.280613,26.96,1.5789,66.41,3.0506,71.09,1.5370,87.18
2026-01-07T22:19:19.337315,26.84,1.4872,66.00,3.0390,67.57,1.5355,87.02
2026-01-07T22:20:19.394117,28.27,1.5621,64.70,3.0409,67.82,1.5330,86.76
2026-01-07T22:21:19.450850,27.93,1.5065,64.91,3.0461,66.40,1.5365,87.13
2026-01-07T22:22:19.507625,33.40,1.5220,66.53,3.0497,68.56,1.5339,86.85
2026-01-07T22:23:19.564507,29.67,1.4276,64.78,3.0554,72.15,1.5381,87.30
2026-01-07T22:24:19.621666,27.20,1.4774,65.77,3.0486,67.08,1.5320,86.65
2026-01-07T22:25:19.678446,31.45,1.4498,64.87,3.0481,67.75,1.5324,86.69
2026-01-07T22:26:19.735294,27.05,1.3935,64.93,3.0402,68.49,1.5361,87.09
2026-01-07T22:27:19.792070,27.38,1.4889,65.75,3.0554,69.61,1.5368,87.15
2026-01-07T22:28:19.851413,31.26,1.3139,65.35,3.0421,70.41,1.5333,86.78
2026-01-07T22:29:19.908302,30.11,1.5690,65.87,3.0493,67.69,1.5279,86.22
2026-01-07T22:30:19.965590,30.34,1.6161,63.37,3.0534,69.92,1.5363,87.10
2026-01-07T22:31:20.022715,29.36,1.6310,66.61,3.0526,70.78,1.5330,86.76
2026-01-07T22:32:20.079657,31.71,1.4949,65.97,3.0446,71.72,1.5299,86.43
2026-01-07T22:33:20.136483,30.37,1.4230,65.95,3.0486,68.43,1.5346,86.93
2026-01-07T22:34:20.193316,31.26,1.3300,67.56,3.0401,69.36,1.5384,87.33
2026-01-07T22:35:20.250307,28.00,1.3760,66.61,3.0467,69.79,1.5395,87.45
2026-01-07T22:36:20.307335,29.12,1.5540,64.70,3.0484,71.90,1.5314,86.59
2026-01-07T22:37:20.364178,28.40,1.4609,65.71,3.0396,68.19,1.5323,86.68
2026-01-07T22:38:20.421034,32.68,1.4526,65.29,3.0455,69.98,1.5321,86.66
2026-01-07T22:39:20.477869,29.20,1.6729,65.41,3.0465,67.88,1.5370,87.18
2026-01-07T22:40:20.534769,31.52,1.5281,65.39,3.0417,66.52,1.5397,87.47
2026-01-07T22:41:20.591674,26.88,1.4660,65.39,3.0504,69.61,1.5359,87.06
2026-01-07T22:42:20.648542,27.49,1.5337,65.31,3.0494,69.73,1.5345,86.92
2026-01-07T22:43:20.705523,30.77,1.5069,64.47,3.0544,69.42,1.5335,86.81
2026-01-07T22:44:20.762562,32.29,1.3526,65.39,3.0509,70.47,1.5359,87.06
2026-01-07T22:45:20.819580,32.44,1.5515,64.91,3.0466,70.16,1.5353,87.00
2026-01-07T22:46:20.876511,27.63,1.6009,64.40,3.0404,68.62,1.5353,87.00
2026-01-07T22:47:20.930068,30.61,1.6547,65.83,3.0401,68.49,1.5337,86.84
2026-01-07T22:48:20.986985,29.74,1.3504,65.77,3.0399,65.73,1.5328,86.73
2026-01-07T22:49:21.044695,31.15,1.4516,66.39,3.0434,69.42,1.5251,85.93
2026-01-07T22:50:21.101685,28.99,1.3665,65.33,3.0441,69.30,1.5348,86.94
2026-01-07T22:51:21.159739,29.91,1.5355,65.62,3.0344,67.32,1.5306,86.51
2026-01-07T22:52:21.216621,31.99,1.4461,66.06,3.0463,70.54,1.5380,87.29
2026-01-07T22:53:21.273527,27.31,1.4643,64.55,3.0398,70.47,1.5406,87.57
2026-01-07T22:54:21.330863,31.94,1.3862,64.74,3.0605,70.41,1.5364,87.11
2026-01-07T22:55:21.387782,32.87,1.3705,65.56,3.0411,70.10,1.5397,87.47
2026-01-07T22:56:21.444214,32.30,1.3455,65.25,3.0604,69.11,1.5314,86.59
2026-01-07T22:57:21.501048,32.19,1.5490,63.63,3.0489,69.36,1.5312,86.57
2026-01-07T22:58:21.557872,28.62,1.6449,66.22,3.0594,67.75,1.5323,86.68
2026-01-07T22:59:21.614881,28.86,1.4255,64.55,3.0554,70.41,1.5381,87.30
2026-01-07T23:00:21.671737,31.01,1.4015,65.62,3.0521,67.51,1.5303,86.47
2026-01-07T23:01:21.728781,27.07,1.5065,64.02,3.0446,72.09,1.5346,86.93
2026-01-07T23:02:21.787160,27.28,1.5110,64.34,3.0555,70.35,1.5355,87.02
2026-01-07T23:03:21.843985,32.57,1.4366,64.10,3.0535,71.72,1.5361,87.09
2026-01-07T23:04:21.901164,29.16,1.3966,62.87,3.0429,69.42,1.5354,87.01
2026-01-07T23:05:21.958129,28.22,1.4868,64.17,3.0465,71.03,1.5359,87.06
2026-01-07T23:06:22.015329,28.05,1.5403,63.42,3.0519,67.69,1.5319,86.64
2026-01-07T23:07:22.072362,27.62,1.5570,64.66,3.0566,70.16,1.5409,87.59
2026-01-07T23:08:22.129401,29.87,1.4030,63.89,3.0625,72.28,1.5399,87.49
2026-01-07T23:09:22.186314,30.51,1.4025,65.04,3.0551,67.69,1.5339,86.85
2026-01-07T23:10:22.243399,26.43,1.4868,65.08,3.0522,68.19,1.5268,86.10
2026-01-07T23:11:22.300315,30.82,1.5024,64.40,3.0435,69.79,1.5319,86.64
2026-01-07T23:12:22.364301,32.80,1.3326,64.34,3.0486,69.11,1.5311,86.56
2026-01-07T23:13:22.421231,29.53,1.3738,65.27,3.0540,68.56,1.5336,86.82
2026-01-07T23:14:22.478203,31.30,1.2963,63.52,3.0485,71.09,1.5303,86.47
2026-01-07T23:15:22.537895,30.25,1.5349,66.35,3.0584,70.00,1.5377,87.26
2026-01-07T23:16:22.594614,31.09,1.5373,63.42,3.0573,71.96,1.5383,87.31
2026-01-07T23:17:22.651175,32.73,1.4964,64.85,3.0516,68.74,1.5290,86.34
2026-01-07T23:18:22.707963,32.95,1.5599,64.68,3.0551,69.67,1.5366,87.14
2026-01-07T23:19:22.764617,29.57,1.4964,62.98,3.0540,70.04,1.5383,87.31
2026-01-07T23:20:22.821427,26.37,1.6419,64.02,3.0549,68.19,1.5301,86.45
2026-01-07T23:21:22.879716,28.18,1.4133,65.35,3.0485,67.75,1.5355,87.02
2026-01-07T23:22:22.936510,27.23,1.6044,64.27,3.0543,69.79,1.5321,86.66
2026-01-07T23:23:22.993490,26.61,1.4926,63.78,3.0593,67.94,1.5312,86.57
2026-01-07T23:24:23.050374,29.95,1.3725,65.64,3.0543,69.79,1.5333,86.78
2026-01-07T23:25:23.107217,31.21,1.3738,65.64,3.0559,70.85,1.5333,86.78
2026-01-07T23:26:23.164277,27.71,1.4915,63.95,3.0604,69.79,1.5397,87.47
2026-01-07T23:27:23.221120,27.82,1.6018,63.52,3.0623,68.19,1.5317,86.63
2026-01-07T23:28:23.278108,30.41,1.4196,63.91,3.0573,67.32,1.5344,86.90
2026-01-07T23:29:23.335006,28.40,1.6458,64.27,3.0565,68.74,1.5339,86.85
2026-01-07T23:30:23.392061,26.33,1.5748,63.35,3.0574,72.09,1.5335,86.81
2026-01-07T23:31:23.448945,29.31,1.3349,62.70,3.0545,66.65,1.5413,87.63
2026-01-07T23:32:23.506053,29.96,1.5489,63.55,3.0531,68.25,1.5368,87.15
2026-01-07T23:33:23.562885,28.38,1.4894,63.13,3.0579,67.63,1.5323,86.68
2026-01-07T23:34:23.620274,32.98,1.4441,63.67,3.0627,67.26,1.5343,86.89
2026-01-07T23:35:23.676957,28.50,1.5935,63.11,3.0553,69.05,1.5354,87.01
2026-01-07T23:36:23.733815,31.85,1.5479,64.06,3.0629,67.88,1.5314,86.59
2026-01-07T23:37:23.790598,30.76,1.4001,63.09,3.0639,68.31,1.5341,86.88
2026-01-07T23:38:23.847279,30.04,1.5724,62.98,3.0630,67.57,1.5323,86.68
2026-01-07T23:39:23.904161,31.49,1.4250,62.01,3.0634,71.09,1.5340,86.86
2026-01-07T23:40:23.961025,29.02,1.5486,64.36,3.0594,70.41,1.5310,86.55
2026-01-07T23:41:24.017863,29.59,1.5795,63.67,3.0598,69.48,1.5328,86.73
2026-01-07T23:42:24.074709,29.31,1.6349,62.17,3.0591,68.25,1.5373,87.21
2026-01-07T23:43:24.143542,28.12,1.5008,63.07,3.0568,68.56,1.5329,86.74
2026-01-07T23:44:24.200456,30.83,1.2855,64.53,3.0621,68.12,1.5369,87.17
2026-01-07T23:45:24.257228,27.79,1.4716,63.72,3.0537,70.41,1.5317,86.63
2026-01-07T23:46:24.314077,29.29,1.5751,62.23,3.0661,71.16,1.5385,87.34
2026-01-07T23:47:24.370966,30.66,1.6202,63.74,3.0590,71.16,1.5355,87.02
2026-01-07T23:48:24.427780,30.65,1.6204,63.72,3.0570,68.00,1.5320,86.65
2026-01-07T23:49:24.485051,26.69,1.5192,63.72,3.0626,70.72,1.5276,86.19
2026-01-07T23:50:24.541786,29.91,1.4181,62.59,3.0657,70.60,1.5337,86.84
2026-01-07T23:51:24.598629,30.80,1.3446,62.98,3.0595,69.30,1.5374,87.22
2026-01-07T23:52:24.655521,27.21,1.4080,63.57,3.0601,72.03,1.5360,87.07
2026-01-07T23:53:24.712332,32.22,1.5080,62.52,3.0598,71.53,1.5354,87.01
2026-01-07T23:54:24.769554,29.56,1.3779,62.43,3.0602,67.57,1.5350,86.97
2026-01-07T23:55:24.826322,31.07,1.5708,62.96,3.0630,67.94,1.5292,86.36
2026-01-07T23:56:24.883145,28.10,1.5231,63.65,3.0714,69.36,1.5334,86.80
2026-01-07T23:57:24.939976,27.10,1.5866,63.52,3.0565,72.03,1.5315,86.60
2026-01-07T23:58:24.996997,27.78,1.4992,62.39,3.0648,69.54,1.5309,86.53
2026-01-07T23:59:25.053972,28.80,1.3909,63.37,3.0620,69.17,1.5396,87.46
2026-01-08T00:00:25.110877,29.04,1.5708,63.05,3.0568,69.67,1.5368,87.15
2026-01-08T00:01:25.167730,28.85,1.5355,62.72,3.0599,69.98,1.5281,86.24
2026-01-08T00:02:25.225162,30.97,1.5266,61.27,3.0617,68.25,1.5299,86.43
2026-01-08T00:03:25.281926,29.34,1.5631,62.17,3.0675,69.36,1.5331,86.77
2026-01-08T00:04:25.338825,33.42,1.4918,63.55,3.0570,68.06,1.5343,86.89
2026-01-08T00:05:25.395667,28.90,1.5845,63.67,3.0661,69.67,1.5311,86.56
2026-01-08T00:06:25.452410,29.49,1.6366,63.70,3.0556,68.62,1.5309,86.53
2026-01-08T00:07:25.509203,29.20,1.4042,63.46,3.0715,68.62,1.5335,86.81
2026-01-08T00:08:25.565994,30.55,1.5380,62.54,3.0617,68.19,1.5325,86.70
2026-01-08T00:09:25.623034,30.59,1.4805,62.92,3.0673,65.85,1.5384,87.33
2026-01-08T00:10:25.679890,28.72,1.3530,63.18,3.0746,71.09,1.5301,86.45
2026-01-08T00:11:25.737602,27.47,1.4983,64.25,3.0631,70.23,1.5356,87.04
2026-01-08T00:12:25.794437,27.46,1.4186,63.13,3.0555,68.68,1.5357,87.05
2026-01-08T00:13:25.851108,30.71,1.3509,64.19,3.0564,68.74,1.5364,87.11
2026-01-08T00:14:25.908142,33.26,1.3553,61.48,3.0665,69.42,1.5339,86.85
2026-01-08T00:15:25.965033,27.81,1.5096,62.15,3.0575,69.92,1.5299,86.43
2026-01-08T00:16:26.019683,29.16,1.3854,62.41,3.0673,67.94,1.5334,86.80
2026-01-08T00:17:26.076520,27.08,1.4803,62.59,3.0555,66.09,1.5353,87.00
2026-01-08T00:18:26.133529,26.87,1.5395,62.26,3.0593,66.83,1.5371,87.19
2026-01-08T00:19:26.190401,27.32,1.4147,62.41,3.0579,70.29,1.5299,86.43
2026-01-08T00:20:26.247210,27.96,1.4752,62.85,3.0611,71.03,1.5356,87.04
2026-01-08T00:21:26.304110,31.66,1.3719,63.35,3.0615,68.19,1.5370,87.18
2026-01-08T00:22:26.360995,32.72,1.5170,62.67,3.0655,69.54,1.5345,86.92
2026-01-08T00:23:26.417878,28.75,1.6424,62.54,3.0684,68.68,1.5292,86.36
2026-01-08T00:24:26.474762,31.56,1.5314,64.66,3.0641,67.51,1.5349,86.96
2026-01-08T00:25:26.531623,26.76,1.5354,62.76,3.0716,67.69,1.5393,87.42
2026-01-08T00:26:26.588481,26.97,1.4491,62.61,3.0720,69.36,1.5349,86.96
2026-01-08T00:27:26.645416,27.07,1.4364,62.03,3.0664,70.78,1.5333,86.78
2026-01-08T00:28:26.702429,31.77,1.4884,62.92,3.0610,69.67,1.5333,86.78
2026-01-08T00:29:26.759323,31.43,1.4619,63.02,3.0650,68.86,1.5299,86.43
2026-01-08T00:30:26.816324,32.70,1.4583,62.70,3.0608,68.62,1.5381,87.30
2026-01-08T00:31:26.873080,30.05,1.5511,62.10,3.0681,70.29,1.5275,86.18
2026-01-08T00:32:26.929909,31.58,1.3907,62.19,3.0660,67.14,1.5384,87.33
2026-01-08T00:33:26.986508,27.35,1.6010,62.63,3.0700,68.56,1.5324,86.69
2026-01-08T00:34:27.043441,27.83,1.6549,61.92,3.0689,70.97,1.5326,86.72
2026-01-08T00:35:27.100252,30.70,1.5044,61.81,3.0674,72.59,1.5366,87.14
2026-01-08T00:36:27.157214,30.29,1.3582,62.65,3.0690,67.57,1.5317,86.63
2026-01-08T00:37:27.214154,28.59,1.3526,63.46,3.0616,68.00,1.5371,87.19
2026-01-08T00:38:27.270965,30.12,1.3339,62.17,3.0651,68.19,1.5405,87.55
2026-01-08T00:39:27.327755,27.73,1.4921,62.03,3.0686,64.07,1.5344,86.90
2026-01-08T00:40:27.384578,28.54,1.4532,64.08,3.0696,69.73,1.5337,86.84
2026-01-08T00:41:27.441627,30.23,1.4374,61.77,3.0729,68.49,1.5349,86.96
2026-01-08T00:42:27.498473,30.91,1.4133,62.32,3.0775,67.38,1.5329,86.74
2026-01-08T00:43:27.555778,27.32,1.4940,62.30,3.0674,67.69,1.5391,87.41
2026-01-08T00:44:27.616986,28.32,1.6667,62.15,1.5375,68.06,1.5321,86.66
2026-01-08T00:45:27.673831,28.68,1.4630,61.00,3.0633,68.43,1.5315,86.60
2026-01-08T00:46:27.731214,30.66,1.5680,62.08,3.0744,68.56,1.5348,86.94
2026-01-08T00:47:27.788070,26.72,1.5784,63.11,3.0606,69.61,1.5348,86.94
2026-01-08T00:48:27.844957,28.12,1.5089,63.18,3.0599,65.97,1.5325,86.70
2026-01-08T00:49:27.903773,28.15,1.4075,59.88,3.0693,69.73,1.5336,86.82
2026-01-08T00:50:27.960597,28.93,1.5641,62.19,3.0730,67.20,1.5361,87.09
2026-01-08T00:51:28.017621,30.64,1.5885,60.64,3.0674,68.56,1.5329,86.74
2026-01-08T00:52:28.074540,28.81,1.6298,61.63,3.0721,70.47,1.5334,86.80
2026-01-08T00:53:28.131400,27.77,1.5679,60.43,3.0709,69.98,1.5330,86.76
2026-01-08T00:54:28.188439,27.22,1.5748,62.01,3.0733,69.79,1.5348,86.94
2026-01-08T00:55:28.245381,31.54,1.5585,62.37,3.0684,68.37,1.5324,86.69
2026-01-08T00:56:28.302665,27.04,1.5315,62.28,3.0711,68.80,1.5315,86.60
2026-01-08T00:57:28.359944,28.43,1.3534,59.74,3.0700,68.25,1.5395,87.45
2026-01-08T00:58:28.416964,27.76,1.4929,61.00,3.0675,67.45,1.5340,86.86
2026-01-08T00:59:28.473773,27.95,1.4116,61.14,3.0710,71.22,1.5351,86.98
2026-01-08T01:00:28.530616,32.89,1.4584,62.01,3.0653,68.93,1.5373,87.21
2026-01-08T01:01:28.587531,33.53,1.3838,61.99,3.0645,72.21,1.5359,87.06
2026-01-08T01:02:28.644945,31.36,1.3798,62.01,3.0649,66.83,1.5315,86.60
2026-01-08T01:03:28.701758,29.84,1.6433,62.08,3.0673,68.56,1.5353,87.00
2026-01-08T01:04:28.758745,30.82,1.6338,61.21,3.0776,71.09,1.5340,86.86
2026-01-08T01:05:28.815497,29.66,1.6499,60.50,3.0756,69.30,1.5356,87.04
2026-01-08T01:06:28.872372,28.97,1.6305,63.00,3.0735,71.03,1.5340,86.86
2026-01-08T01:07:28.929234,30.83,1.5497,60.71,3.0728,70.91,1.5289,86.32
2026-01-08T01:08:28.986332,31.05,1.4968,63.26,3.0721,69.24,1.5365,87.13
2026-01-08T01:09:29.043264,31.64,1.4283,60.55,3.0689,68.00,1.5321,86.66
2026-01-08T01:10:29.099818,32.50,1.4278,62.01,3.0671,69.85,1.5345,86.92
2026-01-08T01:11:29.156691,31.79,1.3190,60.37,3.0736,70.60,1.5331,86.77
2026-01-08T01:12:29.213598,30.64,1.5759,60.46,3.0756,68.00,1.5337,86.84
2026-01-08T01:13:29.271730,33.68,1.4176,61.99,3.0746,70.35,1.5334,86.80
2026-01-08T01:14:29.328416,30.54,1.3900,61.99,3.0771,67.51,1.5351,86.98
2026-01-08T01:15:29.385334,32.72,1.5131,61.63,3.0699,69.61,1.5377,87.26
2026-01-08T01:16:29.442120,29.64,1.6545,61.05,3.0823,69.17,1.5336,86.82
2026-01-08T01:17:29.501095,27.03,1.5591,61.16,3.0719,66.52,1.5291,86.35
2026-01-08T01:18:29.557983,26.86,1.5431,61.79,3.0756,69.85,1.5389,87.38
2026-01-08T01:19:29.614845,27.41,1.6284,62.10,3.0673,71.22,1.5292,86.36
2026-01-08T01:20:29.671654,26.42,1.5189,62.37,3.0700,69.48,1.5384,87.33
2026-01-08T01:21:29.728548,26.65,1.5250,62.76,3.0685,66.83,1.5263,86.05
2026-01-08T01:22:29.785550,29.38,1.5408,60.04,3.0859,72.34,1.5303,86.47
2026-01-08T01:23:29.842479,30.06,1.4934,59.07,3.0621,67.75,1.5339,86.85
2026-01-08T01:24:29.899534,31.34,1.3241,61.14,3.0793,72.40,1.5326,86.72
2026-01-08T01:25:29.956520,29.24,1.3965,61.86,3.0719,69.48,1.5337,86.84
2026-01-08T01:26:30.013642,31.30,1.4263,61.39,3.0666,69.79,1.5314,86.59
2026-01-08T01:27:30.070625,27.04,1.5786,61.88,3.0793,70.35,1.5326,86.72
2026-01-08T01:28:30.127636,32.18,1.5031,62.19,3.0776,68.56,1.5355,87.02
2026-01-08T01:29:30.184717,29.98,1.5811,60.66,3.0731,68.86,1.5314,86.59
2026-01-08T01:30:30.242726,27.71,1.6093,61.88,3.0758,66.71,1.5388,87.37
2026-01-08T01:31:30.300325,27.68,1.6110,61.54,3.0756,70.47,1.5344,86.90
2026-01-08T01:32:30.357219,30.61,1.5377,59.35,3.0750,70.66,1.5353,87.00
2026-01-08T01:33:30.414470,31.21,1.3525,61.25,3.0726,67.94,1.5291,86.35
2026-01-08T01:34:30.471416,28.02,1.4307,59.07,3.0729,69.17,1.5391,87.41
2026-01-08T01:35:30.530498,31.99,1.3355,59.95,3.0725,68.06,1.5333,86.78
2026-01-08T01:36:30.587524,32.25,1.3160,58.71,3.0741,67.14,1.5289,86.32
2026-01-08T01:37:30.644290,28.74,1.4558,61.16,3.0758,71.96,1.5305,86.49
2026-01-08T01:38:30.701063,31.80,1.3980,60.59,3.0769,71.53,1.5375,87.23
2026-01-08T01:39:30.757992,32.58,1.5513,60.96,3.0880,67.94,1.5335,86.81
2026-01-08T01:40:30.815012,29.71,1.6205,59.39,3.0679,67.88,1.5294,86.37
2026-01-08T01:41:30.871843,32.28,1.5543,59.39,3.0785,69.17,1.5319,86.64
2026-01-08T01:42:30.939347,32.40,3.0804,60.09,1.5849,70.47,1.5288,86.31
2026-01-08T01:43:30.996107,30.15,1.3540,60.30,3.0711,68.49,1.5390,87.39
2026-01-08T01:44:31.053057,28.07,1.4429,61.32,3.0688,69.17,1.5346,86.93
2026-01-08T01:45:31.112106,28.88,1.4901,59.00,3.0730,69.36,1.5325,86.70
2026-01-08T01:46:31.169107,32.06,1.3573,60.20,3.0775,70.91,1.5334,86.80
2026-01-08T01:47:31.226079,31.59,1.5822,60.82,3.0711,70.41,1.5373,87.21
2026-01-08T01:48:31.283287,28.32,1.4975,60.23,3.0753,68.68,1.5330,86.76
2026-01-08T01:49:31.340194,27.38,1.4898,60.50,3.0679,72.96,1.5364,87.11
2026-01-08T01:50:31.397752,28.81,1.6381,59.44,3.0845,70.10,1.5323,86.68
2026-01-08T01:51:31.454605,27.61,1.6520,60.89,3.0718,68.25,1.5350,86.97
2026-01-08T01:52:31.511558,29.10,1.3920,60.27,3.0741,69.85,1.5350,86.97
2026-01-08T01:53:31.568575,31.09,1.4291,60.00,3.0719,68.99,1.5275,86.18
2026-01-08T01:54:31.625453,31.49,1.3654,61.18,3.0798,69.54,1.5339,86.85
2026-01-08T01:55:31.682326,27.32,1.4561,59.63,3.0689,68.12,1.5283,86.26
2026-01-08T01:56:31.739103,28.34,1.4356,59.44,3.0783,68.93,1.5325,86.70
2026-01-08T01:57:31.795954,30.46,1.4150,59.84,3.0821,71.72,1.5335,86.81
2026-01-08T01:58:31.852792,27.38,1.5490,60.82,3.0655,67.14,1.5323,86.68
2026-01-08T01:59:31.909878,26.88,1.5973,59.23,3.0759,69.73,1.5315,86.60
2026-01-08T02:00:31.966779,27.14,1.6447,61.12,3.0762,69.30,1.5330,86.76
2026-01-08T02:01:32.024688,28.45,1.6085,62.19,3.0829,71.03,1.5299,86.43
2026-01-08T02:02:32.081183,28.49,1.6454,61.66,3.0747,69.54,1.5335,86.81
2026-01-08T02:03:32.138091,26.41,1.4844,58.55,3.0888,66.89,1.5363,87.10
2026-01-08T02:04:32.195118,27.25,1.3919,60.91,3.0744,70.54,1.5315,86.60
2026-01-08T02:05:32.252156,31.11,1.3170,59.97,3.0721,67.69,1.5315,86.60
2026-01-08T02:06:32.308956,29.34,1.5744,59.81,3.0754,68.62,1.5336,86.82
2026-01-08T02:07:32.365851,33.23,1.4607,58.81,3.0768,70.04,1.5351,86.98
2026-01-08T02:08:32.422644,29.07,1.4298,59.58,3.0820,69.98,1.5334,86.80
2026-01-08T02:09:32.479412,30.39,1.6038,59.77,3.0774,70.41,1.5340,86.86
2026-01-08T02:10:32.536177,31.33,1.6001,58.74,3.0838,67.82,1.5340,86.86
2026-01-08T02:11:32.593033,29.19,1.6413,60.41,3.0756,68.86,1.5361,87.09
2026-01-08T02:12:32.649872,29.86,1.6373,58.88,3.0794,70.85,1.5381,87.30
2026-01-08T02:13:32.706713,31.59,1.5436,59.58,3.0777,70.97,1.5314,86.59
2026-01-08T02:14:32.763410,26.86,1.5744,59.21,3.0848,69.98,1.5309,86.53
2026-01-08T02:15:32.820152,27.00,1.4749,60.25,3.0758,70.41,1.5357,87.05
2026-01-08T02:16:32.876947,26.68,1.4931,58.21,3.0833,66.40,1.5331,86.77
2026-01-08T02:17:32.933675,27.45,1.3645,60.43,3.0835,72.40,1.5284,86.27
2026-01-08T02:18:32.993077,27.61,3.0800,59.32,1.5393,68.68,1.5289,86.32
2026-01-08T02:19:33.050032,26.87,1.5524,59.49,3.0830,71.16,1.5317,86.63
2026-01-08T02:20:33.106771,31.60,1.4731,61.12,3.0866,69.98,1.5345,86.92
2026-01-08T02:21:33.163625,32.44,1.3488,60.11,3.0838,69.17,1.5361,87.09
2026-01-08T02:22:33.220395,29.46,1.3899,59.74,3.0830,71.34,1.5289,86.32
2026-01-08T02:23:33.277081,31.58,1.3608,59.37,3.0845,71.47,1.5397,87.47
2026-01-08T02:24:33.333907,29.18,1.6387,59.74,3.0891,68.68,1.5360,87.07
2026-01-08T02:25:33.390843,31.79,1.4079,59.95,3.0793,71.40,1.5325,86.70
2026-01-08T02:26:33.447687,33.35,1.4979,58.48,3.0827,67.57,1.5335,86.81
2026-01-08T02:27:33.504530,27.43,1.5517,60.09,3.0826,69.85,1.5361,87.09
2026-01-08T02:28:33.561273,27.91,1.6625,58.67,3.0850,72.40,1.5334,86.80
2026-01-08T02:29:33.618073,26.78,1.5159,59.74,3.0821,66.28,1.5305,86.49
2026-01-08T02:30:33.675195,30.21,1.6186,58.62,3.0774,68.31,1.5314,86.59
2026-01-08T02:31:33.731978,30.89,1.4705,60.43,3.0790,69.73,1.5360,87.07
2026-01-08T02:32:33.788730,31.29,1.3019,59.18,3.0749,65.60,1.5315,86.60
2026-01-08T02:33:33.845448,29.29,1.3560,58.93,3.0906,71.96,1.5340,86.86
2026-01-08T02:34:33.902174,31.54,1.3181,59.74,3.0781,69.17,1.5400,87.50
2026-01-08T02:35:33.959132,27.51,1.5120,59.30,3.0761,70.23,1.5329,86.74
2026-01-08T02:36:34.016221,32.68,1.3254,58.90,3.0805,70.35,1.5301,86.45
2026-01-08T02:37:34.073091,28.78,1.4189,60.82,3.0856,69.05,1.5345,86.92
2026-01-08T02:38:34.129832,33.37,1.4375,59.84,3.0827,69.61,1.5315,86.60
2026-01-08T02:39:34.186568,27.93,1.5535,58.64,3.0851,71.78,1.5308,86.52
2026-01-08T02:40:34.243320,27.22,1.4763,60.16,3.0874,70.72,1.5353,87.00
2026-01-08T02:41:34.300399,30.98,1.6416,59.02,3.0859,72.96,1.5371,87.19
2026-01-08T02:42:34.357159,30.15,1.6378,60.20,3.0736,68.06,1.5377,87.26
2026-01-08T02:43:34.414109,29.09,1.6555,60.64,3.0762,70.72,1.5346,86.93
2026-01-08T02:44:34.470874,26.82,1.6153,59.93,3.0903,68.31,1.5360,87.07
2026-01-08T02:45:34.527842,30.45,1.3947,58.21,3.0753,69.73,1.5414,87.65
2026-01-08T02:46:34.584789,28.79,1.6338,60.57,3.0831,70.66,1.5283,86.26
2026-01-08T02:47:34.641844,26.95,1.5111,58.40,3.0834,68.31,1.5308,86.52
2026-01-08T02:48:34.698577,27.18,1.4735,60.46,3.0796,66.09,1.5297,86.41
2026-01-08T02:49:34.755466,29.50,1.3268,60.20,3.0897,72.96,1.5385,87.34
2026-01-08T02:50:34.812265,27.43,1.5271,58.05,3.0820,70.41,1.5343,86.89
2026-01-08T02:51:34.873567,33.51,1.5291,59.11,3.0889,68.74,1.5328,86.73
2026-01-08T02:52:34.931525,31.78,1.3760,59.67,3.0774,68.74,1.5345,86.92
2026-01-08T02:53:34.988661,29.33,1.3539,59.79,3.0791,69.54,1.5314,86.59
2026-01-08T02:54:35.045766,28.98,1.5191,59.77,3.0785,69.48,1.5408,87.58
2026-01-08T02:55:35.102627,30.79,1.5500,60.27,3.0793,67.08,1.5340,86.86
2026-01-08T02:56:35.159272,32.11,1.3560,60.18,3.0721,68.74,1.5360,87.07
2026-01-08T02:57:35.216026,32.63,1.5521,59.49,3.0844,71.59,1.5305,86.49
2026-01-08T02:58:35.272814,28.93,1.4888,57.59,3.0879,70.60,1.5346,86.93
2026-01-08T02:59:35.329539,28.39,1.4456,60.73,3.0933,68.49,1.5271,86.14
2026-01-08T03:00:35.386353,26.41,1.5816,58.76,3.0914,73.21,1.5336,86.82
2026-01-08T03:01:35.443128,28.00,1.6208,58.31,3.0781,69.48,1.5325,86.70
2026-01-08T03:02:35.500025,28.83,1.6114,59.72,3.0888,65.66,1.5335,86.81
2026-01-08T03:03:35.557968,30.59,1.5797,59.23,3.0760,68.68,1.5283,86.26
2026-01-08T03:04:35.615158,28.60,1.3445,59.44,3.0817,68.06,1.5353,87.00
2026-01-08T03:05:35.672010,32.07,1.3820,58.59,3.0721,69.24,1.5289,86.32
2026-01-08T03:06:35.728784,28.21,1.5126,58.71,3.0886,69.17,1.5353,87.00
2026-01-08T03:07:35.785397,33.78,1.4025,57.32,3.0901,68.37,1.5279,86.22
2026-01-08T03:08:35.842256,28.34,1.5673,58.36,3.0864,69.48,1.5335,86.81
2026-01-08T03:09:35.899125,28.03,1.5508,57.69,3.0979,72.09,1.5297,86.41
2026-01-08T03:10:35.958088,31.99,1.6396,59.16,3.0789,68.56,1.5355,87.02
2026-01-08T03:11:36.015451,33.30,1.5485,57.42,3.0741,70.29,1.5323,86.68
2026-01-08T03:12:36.072398,28.07,1.6619,57.93,3.0889,69.92,1.5337,86.84
2026-01-08T03:13:36.129284,30.70,1.5949,57.83,3.0866,67.88,1.5397,87.47
2026-01-08T03:14:36.186071,30.59,1.5925,57.78,3.1001,70.72,1.5305,86.49
2026-01-08T03:15:36.242924,27.19,1.5555,59.32,3.0876,69.17,1.5337,86.84
2026-01-08T03:16:36.299754,30.05,1.3715,57.90,3.0799,68.62,1.5326,86.72
2026-01-08T03:17:36.356692,28.07,1.3634,58.50,3.0915,68.74,1.5354,87.01
2026-01-08T03:18:36.413610,30.25,1.3282,58.09,3.0823,67.32,1.5309,86.53
2026-01-08T03:19:36.471821,29.88,1.5895,57.54,3.0817,69.24,1.5373,87.21
2026-01-08T03:20:36.529327,30.39,1.5696,59.42,3.0890,66.71,1.5405,87.55
2026-01-08T03:21:36.586226,27.91,1.5134,57.23,3.1013,68.62,1.5300,86.44
2026-01-08T03:22:36.643161,33.20,1.5589,57.10,3.0904,67.57,1.5301,86.45
2026-01-08T03:23:36.699960,28.28,1.6634,59.65,3.0856,70.23,1.5290,86.34
2026-01-08T03:24:36.750480,61.81,1.4435,192.20,3.0826,69.79,1.5328,86.73
2026-01-08T03:25:36.807435,27.43,1.5369,58.02,3.0920,69.98,1.5323,86.68
2026-01-08T03:26:36.864307,28.71,1.3721,59.32,3.0857,71.34,1.5272,86.15
2026-01-08T03:27:36.921156,32.08,1.4076,57.30,3.0890,70.72,1.5374,87.22
2026-01-08T03:28:36.977971,30.84,1.5599,58.85,3.0844,69.61,1.5328,86.73
2026-01-08T03:29:37.034550,32.55,1.5397,57.30,3.0928,72.21,1.5241,85.82
2026-01-08T03:30:37.091288,32.73,1.5400,57.32,3.0811,69.17,1.5316,86.61
2026-01-08T03:31:37.148129,31.38,1.4036,59.84,3.0806,68.19,1.5306,86.51
2026-01-08T03:32:37.204975,30.61,1.6499,58.43,3.0816,69.85,1.5361,87.09
2026-01-08T03:33:37.261785,30.12,1.5920,59.16,3.0856,71.03,1.5337,86.84
2026-01-08T03:34:37.318616,32.79,1.4852,57.90,3.0919,69.48,1.5388,87.37
2026-01-08T03:35:37.375267,31.63,1.4209,57.30,3.0900,69.79,1.5315,86.60
2026-01-08T03:36:37.432386,27.34,1.4761,58.78,3.0907,69.17,1.5334,86.80
2026-01-08T03:37:37.489529,27.02,1.6406,58.59,3.0823,69.79,1.5343,86.89
2026-01-08T03:38:37.546562,26.40,1.5820,58.57,3.0987,67.94,1.5336,86.82
2026-01-08T03:39:37.603554,26.53,1.5521,58.55,3.0836,67.20,1.5330,86.76
2026-01-08T03:40:37.660350,26.77,1.5306,58.19,3.0780,69.61,1.5320,86.65
2026-01-08T03:41:37.718329,27.26,1.4805,59.67,3.0829,69.17,1.5377,87.26
2026-01-08T03:42:37.775184,28.58,1.3935,59.42,3.0825,69.48,1.5349,86.96
2026-01-08T03:43:37.832127,26.33,1.5312,55.84,3.0867,69.54,1.5349,86.96
2026-01-08T03:44:37.888992,30.89,1.3819,59.18,3.0802,69.17,1.5319,86.64
2026-01-08T03:45:37.945877,26.89,1.5150,59.14,3.0891,71.22,1.5370,87.18
2026-01-08T03:46:38.003086,30.34,1.5461,59.16,3.0916,68.43,1.5323,86.68
2026-01-08T03:47:38.060063,29.22,1.3460,57.95,3.0824,66.77,1.5301,86.45
2026-01-08T03:48:38.116704,28.15,1.5299,57.85,3.0899,68.86,1.5383,87.31
2026-01-08T03:49:38.173618,32.33,1.3870,57.30,3.0888,66.83,1.5339,86.85
2026-01-08T03:50:38.230469,29.07,1.5299,58.21,3.0825,68.19,1.5357,87.05
2026-01-08T03:51:38.288481,29.49,1.3193,59.14,3.0826,67.20,1.5369,87.17
2026-01-08T03:52:38.345633,32.90,1.3476,58.88,3.0787,67.20,1.4643,79.76
2026-01-08T03:53:38.402171,28.77,1.5533,58.17,3.0881,70.23,1.5292,86.36
2026-01-08T03:54:38.459092,32.63,1.3438,59.35,3.0925,68.37,1.5274,86.16
2026-01-08T03:55:38.516032,30.38,1.5656,58.40,3.0833,68.12,1.5305,86.49
2026-01-08T03:56:38.572868,27.80,1.3513,59.18,3.0896,69.11,1.5279,86.22
2026-01-08T03:57:38.625982,30.72,1.3388,59.77,3.0794,73.77,1.5370,87.18
2026-01-08T03:58:38.682930,28.93,1.5004,57.30,3.0947,68.12,1.5385,87.34
2026-01-08T03:59:38.739765,28.25,1.5491,57.90,3.0786,67.94,1.5365,87.13
2026-01-08T04:00:38.796544,31.54,1.5599,59.35,3.0886,68.25,1.5329,86.74
2026-01-08T04:01:38.853515,33.07,1.5023,58.83,3.0985,69.98,1.5336,86.82
2026-01-08T04:02:38.910454,27.82,1.4635,58.40,3.0856,70.35,1.5290,86.34
2026-01-08T04:03:38.967417,28.05,1.4412,58.76,3.0909,69.05,1.5333,86.78
2026-01-08T04:04:39.024217,33.33,1.3678,57.57,3.0876,69.05,1.5340,86.86
2026-01-08T04:05:39.081128,32.78,1.4079,58.02,3.0776,69.98,1.5339,86.85
2026-01-08T04:06:39.138269,31.48,1.4111,56.44,3.0938,66.34,1.5305,86.49
2026-01-08T04:07:39.195052,32.41,1.4580,58.71,3.0899,69.48,1.5295,86.39
2026-01-08T04:08:39.252326,28.15,1.4918,59.07,3.0846,70.72,1.5325,86.70
2026-01-08T04:09:39.309111,27.59,1.5956,56.07,3.0897,67.69,1.5306,86.51
2026-01-08T04:10:39.365859,29.33,1.6400,57.15,3.0936,68.31,1.5388,87.37
2026-01-08T04:11:39.422774,26.96,1.6261,57.76,3.0878,70.66,1.5355,87.02
2026-01-08T04:12:39.479548,26.57,1.6290,56.74,3.0904,69.85,1.5288,86.31
2026-01-08T04:13:39.536615,31.04,1.5144,58.97,3.0971,69.79,1.5393,87.42
2026-01-08T04:14:39.593428,28.81,1.6626,58.95,3.0840,66.22,1.5311,86.56
2026-01-08T04:15:39.650358,27.43,1.4133,59.93,3.0833,70.35,1.5316,86.61
2026-01-08T04:16:39.707127,31.21,1.4050,57.64,3.0856,70.04,1.5311,86.56
2026-01-08T04:17:39.764048,31.33,1.4672,58.40,3.0924,66.28,1.5303,86.47
2026-01-08T04:18:39.820870,28.58,1.3574,58.85,3.0851,67.69,1.5323,86.68
2026-01-08T04:19:39.877723,30.53,1.5072,58.93,3.0861,69.67,1.5294,86.37
2026-01-08T04:20:39.935647,27.46,1.3821,56.98,3.0834,68.19,1.5315,86.60
2026-01-08T04:21:39.993373,31.77,1.4544,58.74,3.0794,66.40,1.5312,86.57
2026-01-08T04:22:40.050193,29.46,1.5317,59.02,3.0838,68.25,1.5337,86.84
2026-01-08T04:23:40.106989,27.78,1.4629,57.23,3.0873,69.48,1.5375,87.23
2026-01-08T04:24:40.164013,30.19,1.5251,57.90,3.0936,70.35,1.5331,86.77
2026-01-08T04:25:40.223350,32.61,3.0951,59.00,1.5350,69.61,1.5333,86.78
2026-01-08T04:26:40.280243,31.39,1.3370,56.84,3.0955,67.20,1.5321,86.66
2026-01-08T04:27:40.337039,30.18,1.5436,57.18,3.0925,71.59,1.5341,86.88
2026-01-08T04:28:40.393838,29.12,1.3914,58.02,3.0891,72.03,1.5331,86.77
2026-01-08T04:29:40.450658,28.40,1.4467,58.02,3.0879,68.74,1.5303,86.47
2026-01-08T04:30:40.507410,29.33,1.3887,57.90,3.0899,69.42,1.5330,86.76
2026-01-08T04:31:40.564219,32.71,1.5109,56.02,3.0941,68.62,1.5375,87.23
2026-01-08T04:32:40.621047,31.08,1.5966,58.09,3.0941,68.99,1.5290,86.34
2026-01-08T04:33:40.677849,27.76,1.5280,56.32,3.0888,69.79,1.5280,86.23
2026-01-08T04:34:40.734617,27.52,1.6522,55.54,3.0913,67.82,1.5335,86.81
2026-01-08T04:35:40.791472,31.23,1.4271,57.71,3.0910,68.19,1.5325,86.70
2026-01-08T04:36:40.848367,31.01,1.3939,58.48,3.0930,68.06,1.5359,87.06
2026-01-08T04:37:40.905717,28.02,1.4315,57.54,3.0879,67.69,1.5329,86.74
2026-01-08T04:38:40.964874,27.43,1.3987,193.30,3.0899,68.74,1.5335,86.81
2026-01-08T04:39:41.022012,28.14,1.4558,58.71,3.0961,71.96,1.5315,86.60
2026-01-08T04:40:41.078843,29.94,1.4411,57.20,3.0938,70.54,1.5330,86.76
2026-01-08T04:41:41.135894,30.41,1.3880,59.63,3.0878,70.78,1.5296,86.40
2026-01-08T04:42:41.192558,26.37,1.4974,57.25,3.0894,69.36,1.5314,86.59
2026-01-08T04:43:41.249550,27.18,1.5453,56.34,3.0901,69.48,1.5396,87.46
2026-01-08T04:44:41.306400,28.47,1.3589,58.26,3.0793,68.43,1.5388,87.37
2026-01-08T04:45:41.363314,32.14,1.3636,60.50,3.0831,68.06,1.5328,86.73
2026-01-08T04:46:41.420099,30.48,1.3548,59.14,3.0870,70.60,1.5326,86.72
2026-01-08T04:47:41.476926,29.20,1.3796,57.42,3.0909,66.77,1.5353,87.00
2026-01-08T04:48:41.533979,28.76,1.5384,59.11,3.0857,66.34,1.5315,86.60
2026-01-08T04:49:41.590791,27.63,1.3642,57.73,3.0882,69.85,1.5353,87.00
2026-01-08T04:50:41.649533,27.73,1.3893,56.84,3.0844,69.36,1.5265,86.07
2026-01-08T04:51:41.706497,31.44,1.4015,59.60,3.0916,69.30,1.5355,87.02
2026-01-08T04:52:41.763291,27.98,1.4630,60.41,3.0938,68.31,1.5376,87.25
2026-01-08T04:53:41.820647,28.01,1.4845,57.42,3.0774,69.24,1.5316,86.61
2026-01-08T04:54:41.877528,33.17,1.3799,57.47,3.0853,69.24,1.5345,86.92
2026-01-08T04:55:41.934412,32.46,1.4083,58.48,3.0841,66.89,1.5346,86.93
2026-01-08T04:56:41.991803,26.91,1.5066,57.78,3.0785,70.54,1.5360,87.07
2026-01-08T04:57:42.048887,29.06,1.6476,58.07,3.0823,69.11,1.5340,86.86
2026-01-08T04:58:42.107446,31.95,1.5626,59.79,3.0949,72.09,1.5323,86.68
2026-01-08T04:59:42.164365,30.35,1.4033,59.67,3.0863,71.72,1.5323,86.68
2026-01-08T05:00:42.221216,27.39,1.6619,58.38,3.0920,67.20,1.5379,87.27
2026-01-08T05:01:42.278143,29.95,1.6168,58.50,3.0949,68.12,1.5310,86.55
2026-01-08T05:02:42.334974,31.73,1.5555,57.81,3.0881,68.19,1.5370,87.18
2026-01-08T05:03:42.392046,29.65,1.4480,56.12,3.0920,69.98,1.5361,87.09
2026-01-08T05:04:42.449472,29.49,1.4440,58.90,3.0880,66.28,1.5281,86.24
2026-01-08T05:05:42.506642,29.98,1.4241,59.67,3.0914,69.48,1.5340,86.86
2026-01-08T05:06:42.563549,27.32,1.6658,58.78,3.0806,66.65,1.5312,86.57
2026-01-08T05:07:42.620325,28.62,1.6509,58.69,3.0839,70.41,1.5309,86.53
2026-01-08T05:08:42.677092,27.56,1.6056,57.78,3.0865,69.54,1.5312,86.57
2026-01-08T05:09:42.734201,26.06,1.5185,57.85,3.0905,70.04,1.5361,87.09
2026-01-08T05:10:42.791122,30.16,1.3686,58.40,3.0895,69.48,1.5353,87.00
2026-01-08T05:11:42.848160,31.24,1.4058,59.81,3.0838,69.17,1.5321,86.66
2026-01-08T05:12:42.905074,29.45,1.5308,57.90,3.0879,67.57,1.5371,87.19
2026-01-08T05:13:42.961944,27.57,1.3645,59.56,3.0835,68.74,1.5337,86.84
2026-01-08T05:14:43.018948,28.80,1.3686,59.04,3.0894,69.79,1.5350,86.97
2026-01-08T05:15:43.075992,27.91,1.5240,58.71,3.0888,68.43,1.5337,86.84
2026-01-08T05:16:43.133004,28.02,1.5386,58.88,3.0899,68.93,1.5331,86.77
2026-01-08T05:17:43.189935,28.97,1.5448,58.90,3.0853,70.10,1.5341,86.88
2026-01-08T05:18:43.247004,31.16,1.5145,59.16,3.0968,67.82,1.5321,86.66
2026-01-08T05:19:43.303983,29.79,1.3866,58.48,3.0850,67.38,1.5317,86.63
2026-01-08T05:20:43.361061,30.85,1.4865,59.84,3.0864,71.09,1.5303,86.47
2026-01-08T05:21:43.418050,29.03,1.5924,57.78,3.0918,69.05,1.5364,87.11
2026-01-08T05:22:43.474910,28.69,1.5234,57.18,3.0897,67.51,1.5311,86.56
2026-01-08T05:23:43.531756,30.45,1.3553,59.81,3.0903,69.48,1.5357,87.05
2026-01-08T05:24:43.588568,31.14,1.5564,58.85,3.0859,69.42,1.5366,87.14
2026-01-08T05:25:43.645444,28.47,1.4600,56.22,3.0846,69.05,1.5329,86.74
2026-01-08T05:26:43.705833,30.16,1.4194,57.30,3.0907,69.73,1.5350,86.97
2026-01-08T05:27:43.762719,32.65,1.3749,59.63,3.0875,69.17,1.5339,86.85
2026-01-08T05:28:43.819411,31.95,1.3602,57.08,3.0913,69.36,1.5333,86.78
2026-01-08T05:29:43.876581,27.93,1.4379,59.16,3.0821,69.73,1.5326,86.72
2026-01-08T05:30:43.933556,27.85,1.5088,54.99,3.0978,68.56,1.5364,87.11
2026-01-08T05:31:43.990314,29.56,1.4333,59.28,3.0833,69.48,1.5357,87.05
2026-01-08T05:32:44.047301,30.98,1.4336,59.04,3.0895,68.74,1.5350,86.97
2026-01-08T05:33:44.104448,31.33,1.4539,59.67,3.0968,69.73,1.5309,86.53
2026-01-08T05:34:44.161518,30.55,1.5966,58.12,3.0941,68.31,1.5296,86.40
2026-01-08T05:35:44.218432,27.60,1.5655,59.35,3.0905,68.12,1.5365,87.13
2026-01-08T05:36:44.275320,29.04,1.6019,58.88,3.0961,69.24,1.5336,86.82
2026-01-08T05:37:44.333081,26.98,1.5976,57.37,3.0901,67.82,1.5368,87.15
2026-01-08T05:38:44.389756,30.84,1.5475,58.67,3.0894,67.69,1.5315,86.60
2026-01-08T05:39:44.446738,29.33,1.5917,57.37,3.0844,68.56,1.5329,86.74
2026-01-08T05:40:44.503668,30.43,1.3975,60.37,3.0848,68.00,1.5288,86.31
2026-01-08T05:41:44.560379,30.89,1.4069,58.69,3.0879,71.72,1.5323,86.68
2026-01-08T05:42:44.617436,30.61,1.5123,58.33,3.0885,67.51,1.5363,87.10
2026-01-08T05:43:44.674189,30.59,1.3248,57.40,3.0929,68.49,1.5255,85.97
2026-01-08T05:44:44.731064,30.20,1.4798,58.55,3.0819,65.48,1.5353,87.00
2026-01-08T05:45:44.788061,26.56,1.4301,56.22,3.0891,66.34,1.5303,86.47
2026-01-08T05:46:44.845050,31.09,1.4818,59.58,3.0934,67.57,1.5276,86.19
2026-01-08T05:47:44.902484,27.60,1.5821,59.53,3.0855,68.37,1.5309,86.53
2026-01-08T05:48:44.959652,29.59,1.4067,56.34,3.0920,69.79,1.5366,87.14
2026-01-08T05:49:45.016526,28.04,1.3742,58.83,3.0845,68.99,1.5343,86.89
2026-01-08T05:50:45.073396,27.68,1.5668,58.17,3.0879,69.42,1.5306,86.51
2026-01-08T05:51:45.130308,31.20,1.4106,59.53,3.0936,69.30,1.5374,87.22
2026-01-08T05:52:45.187188,29.62,1.3420,58.48,3.0801,68.74,1.5345,86.92
2026-01-08T05:53:45.245451,32.45,1.4079,58.21,3.0909,68.93,1.5299,86.43
2026-01-08T05:54:45.302610,29.18,1.5366,60.48,3.0894,69.98,1.5286,86.30
2026-01-08T05:55:45.359561,30.38,1.5491,58.48,3.0841,67.38,1.5305,86.49
2026-01-08T05:56:45.416367,30.83,1.3466,59.60,3.0861,69.24,1.5280,86.23
2026-01-08T05:57:45.473114,30.39,1.5813,58.36,3.0870,70.35,1.5300,86.44
2026-01-08T05:58:45.530034,28.47,1.5306,57.90,3.0859,68.49,1.5319,86.64
2026-01-08T05:59:45.587175,61.70,1.6342,58.43,3.0848,68.37,1.5321,86.66
2026-01-08T06:00:45.644156,32.84,1.5316,59.09,3.0921,69.48,1.5334,86.80
2026-01-08T06:01:45.700742,27.91,1.5488,58.83,3.0897,69.30,1.5385,87.34
2026-01-08T06:02:45.757669,27.26,1.5421,57.01,3.0827,65.73,1.5325,86.70
2026-01-08T06:03:45.814637,30.56,1.3986,56.47,3.1005,70.35,1.5341,86.88
2026-01-08T06:04:45.871913,29.47,1.6419,58.48,3.0962,66.89,1.5345,86.92
2026-01-08T06:05:45.928751,27.24,1.5831,57.25,3.0853,69.61,1.5319,86.64
2026-01-08T06:06:45.988155,27.61,1.6145,57.32,3.0851,71.90,1.5354,87.01
2026-01-08T06:07:46.045217,31.25,1.5441,59.28,3.0921,70.78,1.5294,86.37
2026-01-08T06:08:46.102976,28.02,1.6573,59.02,3.0885,68.56,1.5357,87.05
2026-01-08T06:09:46.160011,28.63,1.4125,59.07,3.0773,67.14,1.5301,86.45
2026-01-08T06:10:46.217252,27.06,1.5568,57.25,3.0786,67.88,1.5339,86.85
2026-01-08T06:11:46.274585,30.51,1.3840,59.35,3.0901,70.91,1.5296,86.40
2026-01-08T06:12:46.331509,27.25,1.5711,58.85,3.0884,67.88,1.5363,87.10
2026-01-08T06:13:46.388318,29.70,1.6033,58.33,3.0893,66.83,1.5320,86.65
2026-01-08T06:14:46.445075,29.72,1.4250,59.70,3.0840,71.65,1.5351,86.98
2026-01-08T06:15:46.502993,29.44,1.3566,60.20,3.0914,69.48,1.5299,86.43
2026-01-08T06:16:46.559874,25.89,1.5643,58.02,3.0849,68.80,1.5343,86.89
2026-01-08T06:17:46.616800,28.35,1.4412,59.32,3.0758,72.65,1.5354,87.01
2026-01-08T06:18:46.673794,30.02,1.3595,57.88,3.0833,68.31,1.5315,86.60
2026-01-08T06:19:46.730632,30.82,1.3846,57.37,3.0824,67.57,1.5326,86.72
2026-01-08T06:20:46.787573,27.68,1.5290,57.78,3.0888,68.68,1.5353,87.00
2026-01-08T06:21:46.844558,30.91,1.4576,59.56,3.0799,68.62,1.5259,86.01
2026-01-08T06:22:46.901313,27.44,1.5600,59.56,3.0894,68.31,1.5310,86.55
2026-01-08T06:23:46.958888,28.35,1.5081,58.95,3.0930,69.92,1.5296,86.40
2026-01-08T06:24:47.016110,27.97,1.3745,57.64,3.0897,70.54,1.5334,86.80
2026-01-08T06:25:47.073558,31.33,1.3239,58.76,3.0934,69.05,1.5317,86.63
2026-01-08T06:26:47.130539,28.77,1.5494,59.39,3.0975,68.12,1.5370,87.18
2026-01-08T06:27:47.188833,29.22,1.3842,60.02,3.0897,67.75,1.5312,86.57
2026-01-08T06:28:47.245740,28.18,1.5215,58.52,3.0844,69.92,1.5335,86.81
2026-01-08T06:29:47.302824,29.85,1.5329,57.69,3.0846,68.86,1.5266,86.09
2026-01-08T06:30:47.359637,32.45,1.3849,58.09,3.0819,69.61,1.5320,86.65
2026-01-08T06:31:47.416504,32.55,1.5343,59.30,3.0863,71.34,1.5356,87.04
2026-01-08T06:32:47.473989,30.72,1.5003,56.81,3.0851,67.38,1.5296,86.40
2026-01-08T06:33:47.530911,28.86,1.4963,60.59,3.0849,69.17,1.5341,86.88
2026-01-08T06:34:47.587896,28.04,1.5308,59.42,3.0928,69.11,1.5309,86.53
2026-01-08T06:35:47.644825,28.43,1.5946,58.45,3.0910,68.06,1.5350,86.97
2026-01-08T06:36:47.701794,28.31,1.4685,58.55,3.0830,71.34,1.5359,87.06
2026-01-08T06:37:47.758615,30.94,1.5614,58.19,3.0804,70.72,1.5349,86.96
2026-01-08T06:38:47.815513,32.88,1.3390,57.90,3.0896,68.93,1.5314,86.59
2026-01-08T06:39:47.872413,27.96,1.4834,58.26,3.0888,71.28,1.5410,87.61
2026-01-08T06:40:47.930146,28.82,1.5461,59.35,3.0825,70.60,1.5295,86.39
2026-01-08T06:41:47.987336,28.37,1.5409,58.31,3.0808,70.04,1.5331,86.77
2026-01-08T06:42:48.046213,33.15,1.3748,58.74,3.0802,68.80,1.5374,87.22
2026-01-08T06:43:48.103010,28.38,1.5453,59.49,3.0840,67.69,1.5283,86.26
2026-01-08T06:44:48.159833,32.94,1.3604,58.43,3.0835,67.45,1.5310,86.55
2026-01-08T06:45:48.216746,30.93,1.3734,57.57,3.0889,66.89,1.5319,86.64
2026-01-08T06:46:48.273651,32.63,1.5688,59.02,3.0885,68.06,1.5315,86.60
2026-01-08T06:47:48.330853,28.07,1.5316,58.21,3.0895,67.45,1.5366,87.14
2026-01-08T06:48:48.387714,30.45,1.5980,57.93,3.0884,70.23,1.5351,86.98
2026-01-08T06:49:48.444586,27.38,1.6378,58.76,3.0854,67.51,1.5365,87.13
2026-01-08T06:50:48.501457,27.18,1.6359,60.30,3.0835,71.40,1.5285,86.28
2026-01-08T06:51:48.558500,29.34,1.3411,58.33,3.0838,70.97,1.5304,86.48
2026-01-08T06:52:48.615538,27.87,1.4480,58.24,3.0950,69.36,1.5317,86.63
2026-01-08T06:53:48.672513,27.52,1.4166,58.05,3.0893,68.68,1.5356,87.04
2026-01-08T06:54:48.730524,28.34,1.6278,60.30,3.0846,67.20,1.5314,86.59
2026-01-08T06:55:48.787451,27.35,1.6214,59.67,3.0880,68.68,1.5366,87.14
2026-01-08T06:56:48.844213,27.45,1.5978,59.77,3.0874,67.57,1.5350,86.97
2026-01-08T06:57:48.901005,30.38,1.5643,58.38,3.0830,69.61,1.5315,86.60
2026-01-08T06:58:48.957807,30.55,1.4596,60.02,3.0921,68.19,1.5311,86.56
2026-01-08T06:59:49.015264,26.92,1.4139,59.04,3.0981,66.83,1.5286,86.30
2026-01-08T07:00:49.075879,27.41,1.4754,57.52,3.0890,66.83,1.5269,86.11
2026-01-08T07:01:49.132283,26.82,1.4544,59.44,3.0907,67.94,1.5368,87.15
2026-01-08T07:02:49.189083,29.60,1.3440,58.88,3.0770,68.86,1.5306,86.51
2026-01-08T07:03:49.245915,27.33,1.4886,57.69,3.0750,70.54,1.5286,86.30
2026-01-08T07:04:49.302743,28.98,1.3691,60.57,3.0776,68.62,1.5377,87.26
2026-01-08T07:05:49.359698,32.95,1.4207,58.74,3.0773,69.98,1.5317,86.63
2026-01-08T07:06:49.416626,32.52,1.3688,58.69,3.0790,70.66,1.5346,86.93
2026-01-08T07:07:49.473666,28.36,1.4910,58.71,3.0875,70.47,1.5334,86.80
2026-01-08T07:08:49.530566,29.16,1.6142,57.95,3.0860,68.80,1.5291,86.35
2026-01-08T07:09:49.589652,28.98,1.5751,57.78,3.0845,69.17,1.5408,87.58
2026-01-08T07:10:49.647637,29.85,1.3826,56.54,3.0835,70.72,1.5261,86.03
2026-01-08T07:11:49.704494,32.65,1.3355,57.49,3.0949,67.45,1.5356,87.04
2026-01-08T07:12:49.761388,27.72,1.4904,57.69,3.0951,68.00,1.5374,87.22
2026-01-08T07:13:49.818297,28.60,1.5148,59.44,3.0866,71.09,1.5384,87.33
2026-01-08T07:14:49.875276,30.01,1.4393,59.07,3.0873,70.66,1.5333,86.78
2026-01-08T07:15:49.932116,27.80,1.6120,58.52,3.0913,71.28,1.5413,87.63
2026-01-08T07:16:49.989276,28.84,1.4367,58.59,3.0787,70.72,1.5335,86.81
2026-01-08T07:17:50.046285,30.45,1.4053,58.85,3.0931,70.97,1.5308,86.52
2026-01-08T07:18:50.103156,31.25,1.5217,58.95,3.0801,69.11,1.5393,87.42
2026-01-08T07:19:50.159954,26.59,1.5277,59.09,3.0885,69.92,1.5370,87.18
2026-01-08T07:20:50.216732,27.61,1.4176,59.00,3.0895,71.22,1.5363,87.10
2026-01-08T07:21:50.274746,30.15,1.5224,58.83,3.0924,70.54,1.5325,86.70
2026-01-08T07:22:50.331838,32.90,1.4127,58.00,3.0978,67.26,1.5288,86.31
2026-01-08T07:23:50.388768,28.69,1.3910,59.32,3.0830,69.67,1.5341,86.88
2026-01-08T07:24:50.445983,32.81,1.3964,59.23,3.0848,70.47,1.5294,86.37
2026-01-08T07:25:50.502877,28.25,1.4532,59.79,3.0870,68.06,1.5350,86.97
2026-01-08T07:26:50.559684,28.51,1.4989,58.52,3.0779,69.98,1.5317,86.63
2026-01-08T07:27:50.616751,31.02,1.5980,56.96,3.0787,67.14,1.5349,86.96
2026-01-08T07:28:50.673738,30.47,1.6319,59.46,3.0859,68.12,1.5308,86.52
2026-01-08T07:29:50.730654,27.97,1.5291,59.11,3.0823,67.63,1.5321,86.66
2026-01-08T07:30:50.787568,28.02,1.5015,59.60,3.0874,70.60,1.5330,86.76
2026-01-08T07:31:50.844756,27.18,1.5931,58.64,3.0894,70.10,1.5365,87.13
2026-01-08T07:32:50.901762,27.52,1.5564,61.66,3.0905,67.69,1.5349,86.96
2026-01-08T07:33:50.960341,32.92,1.5312,204.35,3.0804,70.00,1.5348,86.94
2026-01-08T07:34:51.014458,61.80,1.3870,201.56,3.0780,69.11,1.5360,87.07
2026-01-08T07:35:51.071445,30.59,1.6313,60.43,3.0939,72.09,1.5330,86.76
2026-01-08T07:36:51.128407,28.65,1.4496,60.87,3.0873,70.41,1.5308,86.52
2026-01-08T07:37:51.185193,29.18,1.5674,60.30,3.0817,66.71,1.5285,86.28
2026-01-08T07:38:51.242075,29.40,1.5884,57.59,3.0848,67.75,1.5299,86.43
2026-01-08T07:39:51.299214,26.97,1.4660,57.81,3.0939,66.34,1.5341,86.88
2026-01-08T07:40:51.356040,31.05,1.6022,59.84,3.0895,70.60,1.5331,86.77
2026-01-08T07:41:51.413032,27.80,1.6818,58.14,3.0896,69.42,1.5314,86.59
2026-01-08T07:42:51.469990,27.26,1.5123,58.57,3.0845,68.06,1.5354,87.01
2026-01-08T07:43:51.527828,27.05,1.4709,60.00,3.0857,67.26,1.5304,86.48
2026-01-08T07:44:51.584664,31.03,1.3689,59.09,3.0779,67.82,1.5383,87.31
2026-01-08T07:45:51.641560,30.54,1.3873,58.17,3.0914,66.22,1.5324,86.69
2026-01-08T07:46:51.698433,27.32,1.5543,60.09,3.0829,71.47,1.5369,87.17
2026-01-08T07:47:51.755303,30.70,1.4412,60.00,3.0781,67.57,1.5370,87.18
2026-01-08T07:48:51.812178,27.67,1.4254,58.33,3.0903,66.83,1.5320,86.65
2026-01-08T07:49:51.869538,27.43,1.3678,59.35,3.0899,70.10,1.5355,87.02
2026-01-08T07:50:51.926344,26.84,1.4463,58.29,3.0809,69.36,1.5324,86.69
2026-01-08T07:51:51.983107,30.43,1.5409,59.32,3.0935,70.47,1.5355,87.02
2026-01-08T07:52:52.040191,32.13,1.4065,59.60,3.0771,68.00,1.5369,87.17
2026-01-08T07:53:52.097232,31.21,1.4689,58.50,3.0798,68.19,1.5359,87.06
2026-01-08T07:54:52.154097,29.68,1.5461,60.11,3.0754,68.56,1.5309,86.53
2026-01-08T07:55:52.210974,31.03,1.4946,60.53,3.0790,69.24,1.5380,87.29
2026-01-08T07:56:52.267873,27.55,1.4501,58.83,3.0849,68.37,1.5326,86.72
2026-01-08T07:57:52.324811,28.44,1.4591,59.65,3.0811,72.03,1.5339,86.85
2026-01-08T07:58:52.381736,31.51,1.5425,59.60,3.0829,70.35,1.5340,86.86
2026-01-08T07:59:52.438574,30.71,1.3394,59.32,3.0801,68.62,1.5317,86.63
2026-01-08T08:00:52.496295,30.02,1.5261,57.78,3.0784,69.30,1.5393,87.42
2026-01-08T08:01:52.555376,27.52,1.5615,58.67,3.0835,69.54,1.5348,86.94
2026-01-08T08:02:52.612224,31.82,1.4965,59.74,3.0844,69.67,1.5353,87.00
2026-01-08T08:03:52.668955,30.11,1.3722,61.09,3.0870,69.30,1.5297,86.41
2026-01-08T08:04:52.725928,31.78,1.3193,59.11,3.0842,70.35,1.5325,86.70
2026-01-08T08:05:52.782728,33.00,1.3739,61.03,3.0815,66.83,1.5330,86.76
2026-01-08T08:06:52.839437,31.91,1.3562,59.09,3.0855,68.43,1.5335,86.81
2026-01-08T08:07:52.896276,31.42,1.5962,59.63,3.0859,69.48,1.5441,87.94
2026-01-08T08:08:52.953094,28.02,1.5434,57.57,3.0882,70.41,1.5320,86.65
2026-01-08T08:09:53.010190,31.48,1.3585,58.78,3.0879,69.17,1.5344,86.90
2026-01-08T08:10:53.067364,32.13,1.5746,59.00,3.0940,69.42,1.5314,86.59
2026-01-08T08:11:53.124220,31.83,1.5868,58.33,3.0909,70.54,1.5305,86.49
2026-01-08T08:12:53.181061,29.45,1.6044,58.21,3.0821,71.90,1.5335,86.81
2026-01-08T08:13:53.237896,32.58,1.4475,60.43,3.0824,68.43,1.5334,86.80
2026-01-08T08:14:53.294754,30.35,1.4386,59.42,3.0856,67.57,1.5384,87.33
2026-01-08T08:15:53.351635,32.02,1.4872,59.67,3.0795,68.56,1.5310,86.55
2026-01-08T08:16:53.409688,31.14,1.4498,60.32,3.0713,70.35,1.5297,86.41
2026-01-08T08:17:53.466861,28.40,1.4876,60.48,3.0813,71.03,1.5319,86.64
2026-01-08T08:18:53.523668,28.25,1.6743,61.03,3.0842,67.75,1.5341,86.88
2026-01-08T08:19:53.580619,30.35,1.5633,59.77,3.0874,68.56,1.5328,86.73
2026-01-08T08:20:53.637439,26.80,1.5160,59.14,3.0800,67.82,1.5356,87.04
2026-01-08T08:21:53.694210,29.78,1.3410,60.32,3.0805,70.10,1.5325,86.70
2026-01-08T08:22:53.751261,31.50,1.4586,58.57,3.0808,69.42,1.5337,86.84
2026-01-08T08:23:53.807984,29.53,1.5363,59.46,3.0817,69.30,1.5354,87.01
2026-01-08T08:24:53.864789,30.50,1.3528,60.66,3.0793,72.46,1.5296,86.40
2026-01-08T08:25:53.921816,28.76,1.3699,61.14,3.0775,69.36,1.5335,86.81
2026-01-08T08:26:53.978562,33.19,1.3830,60.71,3.0725,69.30,1.5344,86.90
2026-01-08T08:27:54.035724,30.69,1.3794,60.09,3.0724,67.75,3.0765,1376.51
2026-01-08T08:28:54.092769,33.76,1.4363,59.93,3.0791,69.85,1.5325,86.70
2026-01-08T08:29:54.149795,30.68,1.6054,59.46,3.0731,70.10,1.5357,87.05
2026-01-08T08:30:54.206698,31.45,1.3719,60.91,3.0861,69.67,1.5314,86.59
2026-01-08T08:31:54.263544,29.19,1.4426,60.41,3.0762,70.91,1.5335,86.81
2026-01-08T08:32:54.320530,32.50,1.5493,62.03,3.0745,70.23,1.5330,86.76
2026-01-08T08:33:54.379052,30.76,1.3439,61.88,3.0731,70.41,1.5324,86.69
2026-01-08T08:34:54.439940,30.38,1.3602,58.83,3.0817,69.54,1.5363,87.10
2026-01-08T08:35:54.496755,28.45,1.5183,60.71,3.0746,67.94,1.5330,86.76
2026-01-08T08:36:54.553520,29.74,1.4560,60.34,3.0710,71.47,1.5317,86.63
2026-01-08T08:37:54.610447,31.56,1.4640,60.43,3.0824,67.94,1.5331,86.77
2026-01-08T08:38:54.667294,33.23,1.5777,59.32,3.0801,71.78,1.5316,86.61
2026-01-08T08:39:54.724156,27.47,1.6079,59.95,3.0899,72.84,1.5288,86.31
2026-01-08T08:40:54.780942,29.15,1.4546,58.69,3.0819,69.85,1.5337,86.84
2026-01-08T08:41:54.837849,26.79,1.5975,60.59,3.0811,68.93,1.5300,86.44
2026-01-08T08:42:54.894652,30.58,1.4490,61.45,3.0816,70.35,1.5353,87.00
2026-01-08T08:43:54.951536,26.45,1.5128,61.16,3.0706,69.54,1.5311,86.56
2026-01-08T08:44:55.008704,30.77,1.5055,60.09,3.0739,66.77,1.5329,86.74
2026-01-08T08:45:55.065576,30.22,1.3576,58.57,3.0831,67.45,1.5303,86.47
2026-01-08T08:46:55.122489,30.28,1.5249,61.59,3.0834,66.03,1.5344,86.90
2026-01-08T08:47:55.179536,30.93,1.5497,61.54,3.0808,68.37,1.5326,86.72
2026-01-08T08:48:55.238767,29.46,1.3449,61.59,3.0821,71.09,1.5360,87.07
2026-01-08T08:49:55.296181,30.10,1.5294,60.07,3.0820,69.85,1.5350,86.97
2026-01-08T08:50:55.355158,27.34,1.4686,58.71,3.0785,68.93,1.5316,86.61
2026-01-08T08:51:55.412040,27.10,1.4363,60.89,3.0785,68.93,1.5349,86.96
2026-01-08T08:52:55.468819,32.37,1.3820,59.09,3.0885,68.19,1.5330,86.76
2026-01-08T08:53:55.525635,31.84,1.5080,58.09,3.0790,69.17,1.5350,86.97
2026-01-08T08:54:55.582388,30.70,1.5694,61.25,3.0675,68.56,1.5272,86.15
2026-01-08T08:55:55.639393,28.57,1.4636,61.57,3.0760,69.05,1.5354,87.01
2026-01-08T08:56:55.696223,33.18,1.5664,60.82,3.0720,69.73,1.5300,86.44
2026-01-08T08:57:55.753158,27.36,1.5908,61.86,3.0814,69.48,1.5312,86.57
2026-01-08T08:58:55.809978,31.00,1.6356,60.27,3.0798,68.12,1.5295,86.39
2026-01-08T08:59:55.866738,32.64,1.5648,60.84,3.0651,70.54,1.5308,86.52
2026-01-08T09:00:55.923689,27.60,1.6244,61.36,3.0826,72.90,1.5349,86.96
2026-01-08T09:01:55.980641,27.63,1.6050,58.90,3.0745,69.42,1.5353,87.00
2026-01-08T09:02:56.040572,27.57,1.4708,192.49,3.0829,69.05,1.3561,69.76
2026-01-08T09:03:56.097651,28.18,1.6623,60.91,3.0798,66.65,1.5351,86.98
2026-01-08T09:04:56.154528,26.87,1.6051,61.43,3.0755,69.11,1.5331,86.77
2026-01-08T09:05:56.211872,26.82,1.6231,60.91,3.0795,67.57,1.5328,86.73
2026-01-08T09:06:56.269008,30.39,1.5737,62.19,3.0685,69.30,1.5257,85.99
2026-01-08T09:07:56.324318,61.65,1.4918,62.87,3.0761,68.99,1.5345,86.92
2026-01-08T09:08:56.381322,30.89,1.4915,61.68,3.0774,69.61,1.5344,86.90
2026-01-08T09:09:56.438436,27.41,1.3839,61.18,3.0684,70.35,1.5280,86.23
2026-01-08T09:10:56.495433,32.64,1.3282,62.56,3.0656,67.75,1.5329,86.74
2026-01-08T09:11:56.553394,27.62,1.4731,61.75,3.0793,70.35,1.5317,86.63
2026-01-08T09:12:56.610296,29.14,1.5750,61.12,3.0694,70.72,1.5379,87.27
2026-01-08T09:13:56.667218,28.19,1.4385,62.54,3.0799,71.40,1.5289,86.32
2026-01-08T09:14:56.724081,31.83,1.3786,62.01,3.0649,69.92,1.5361,87.09
2026-01-08T09:15:56.780899,28.34,1.5263,60.57,3.0760,67.94,1.5335,86.81
2026-01-08T09:16:56.837795,32.88,1.3361,60.80,3.0775,71.90,1.5343,86.89
2026-01-08T09:17:56.894859,27.82,1.6014,61.45,3.0730,67.75,1.5271,86.14
2026-01-08T09:18:56.951857,31.19,1.4166,61.09,3.0682,71.28,1.5340,86.86
2026-01-08T09:19:57.009061,30.94,1.3981,62.41,3.0666,72.59,1.5325,86.70
2026-01-08T09:20:57.066304,28.83,1.6598,61.14,3.0736,69.67,1.5348,86.94
2026-01-08T09:21:57.123405,29.50,1.4246,61.23,3.0693,70.72,1.5341,86.88
2026-01-08T09:22:57.181678,30.76,1.4085,61.86,3.0739,68.56,1.5306,86.51
2026-01-08T09:23:57.238597,31.11,1.4098,62.12,3.0768,71.34,1.5400,87.50
2026-01-08T09:24:57.295434,27.79,1.5929,61.14,3.0678,68.49,1.5339,86.85
2026-01-08T09:25:57.352324,28.25,1.6380,59.46,3.0760,69.42,1.5317,86.63
2026-01-08T09:26:57.408992,30.12,1.4080,60.39,3.0715,68.12,1.5365,87.13
2026-01-08T09:27:57.468006,31.41,1.4155,61.75,3.0676,69.54,1.5348,86.94
2026-01-08T09:28:57.524981,26.69,1.5148,61.09,3.0709,69.48,1.5331,86.77
2026-01-08T09:29:57.581815,26.25,1.5044,61.70,3.0777,69.79,1.5371,87.19
2026-01-08T09:30:57.638863,29.28,1.3690,62.41,3.0773,69.11,1.5303,86.47
2026-01-08T09:31:57.695691,30.27,1.3490,62.45,3.0642,70.10,1.5337,86.84
2026-01-08T09:32:57.752545,26.13,1.5521,61.77,3.0693,68.86,1.5320,86.65
2026-01-08T09:33:57.809513,26.61,1.5879,62.23,3.0718,70.91,1.5390,87.39
2026-01-08T09:34:57.866199,26.96,1.5685,60.18,3.0666,70.78,1.5355,87.02
2026-01-08T09:35:57.925343,27.69,1.4351,61.83,3.0729,69.79,1.5343,86.89
2026-01-08T09:36:57.982277,27.80,1.5384,64.51,3.0701,70.10,1.5305,86.49
2026-01-08T09:37:58.039406,29.23,1.5359,63.59,3.0699,68.93,1.5361,87.09
2026-01-08T09:38:58.096307,27.88,1.5380,62.52,3.0665,68.68,1.5365,87.13
2026-01-08T09:39:58.153205,29.46,1.5255,59.56,3.0704,70.54,1.5308,86.52
2026-01-08T09:40:58.211643,29.66,1.5569,60.84,3.0665,68.80,1.5326,86.72
2026-01-08T09:41:58.268519,27.51,1.4107,59.95,3.0680,67.26,1.5350,86.97
2026-01-08T09:42:58.325922,31.03,1.3522,61.92,3.0743,69.24,1.5369,87.17
2026-01-08T09:43:58.382881,32.97,1.3751,62.83,3.0699,71.03,1.5364,87.11
2026-01-08T09:44:58.439784,32.99,1.4218,61.75,3.0775,71.34,1.5363,87.10
2026-01-08T09:45:58.496759,28.20,1.4789,61.50,3.0728,70.16,1.5355,87.02
2026-01-08T09:46:58.553654,32.29,1.4438,63.09,3.0710,70.10,1.5357,87.05
2026-01-08T09:47:58.610605,28.71,1.6647,61.52,3.0710,69.92,1.5354,87.01
2026-01-08T09:48:58.667399,31.57,1.5916,62.56,3.0715,70.23,1.5301,86.45
2026-01-08T09:49:58.724209,27.19,1.5023,62.83,3.0721,73.58,1.5368,87.15
2026-01-08T09:50:58.781079,29.57,1.3535,62.50,3.0728,67.75,1.5325,86.70
2026-01-08T09:51:58.837858,30.92,1.3911,63.95,3.0650,69.61,1.5329,86.74
2026-01-08T09:52:58.894685,27.82,1.3453,62.15,3.0666,68.25,1.5386,87.35
2026-01-08T09:53:58.951519,31.75,1.4246,62.50,3.0666,69.79,1.5379,87.27
2026-01-08T09:54:59.008203,27.82,1.4948,61.41,3.0646,66.83,1.5335,86.81
2026-01-08T09:55:59.067279,32.41,1.3671,62.08,1.5360,68.00,1.5292,86.36
2026-01-08T09:56:59.124257,32.32,1.4056,62.67,3.0693,68.99,1.5353,87.00
2026-01-08T09:57:59.181037,28.34,1.5151,60.91,3.0653,71.03,1.5341,86.88
2026-01-08T09:58:59.237861,29.80,1.3873,61.70,3.0646,69.85,1.5363,87.10
2026-01-08T09:59:59.295340,31.22,1.3970,62.81,3.0680,69.61,1.5375,87.23
2026-01-08T10:00:59.352184,29.84,1.4560,61.66,3.0646,67.82,1.5383,87.31
2026-01-08T10:01:59.409199,31.12,1.4254,62.81,3.0648,69.98,1.5368,87.15
2026-01-08T10:02:59.466114,31.40,1.4476,61.92,3.0661,67.82,1.5380,87.29
2026-01-08T10:03:59.525825,27.70,1.5349,60.96,3.0679,69.92,1.5346,86.93
2026-01-08T10:04:59.582631,28.88,1.4335,63.46,3.0761,69.11,1.5330,86.76
2026-01-08T10:05:59.639437,31.52,1.4616,62.43,3.0697,66.40,1.5390,87.39
2026-01-08T10:06:59.696980,30.90,1.5899,61.77,3.0654,68.37,1.5286,86.30
2026-01-08T10:07:59.753997,31.09,1.5011,62.21,3.0663,70.16,1.5296,86.40
2026-01-08T10:08:59.810885,28.88,1.5480,63.59,3.0663,69.24,1.5344,86.90
2026-01-08T10:09:59.867765,30.27,1.5203,63.78,3.0596,69.61,1.5312,86.57
2026-01-08T10:10:59.924948,31.47,1.3329,62.23,3.0599,70.60,1.5350,86.97
2026-01-08T10:11:59.981850,32.05,1.3694,62.94,3.0654,69.17,1.5333,86.78
2026-01-08T10:13:00.038553,27.79,1.4914,60.09,3.0642,69.11,1.5335,86.81
2026-01-08T10:14:00.095458,28.45,1.3688,63.57,3.0608,70.35,1.5328,86.73
2026-01-08T10:15:00.154149,32.81,1.5413,61.45,3.0553,67.02,1.5314,86.59
2026-01-08T10:16:00.211075,32.83,1.3470,61.48,3.0610,69.48,1.5368,87.15
2026-01-08T10:17:00.268333,32.51,1.5265,62.96,3.0667,68.31,1.5350,86.97
2026-01-08T10:18:00.325348,32.72,1.3674,63.85,3.0663,68.25,1.5336,86.82
2026-01-08T10:19:00.382250,30.38,1.6084,62.74,3.0688,71.03,1.5320,86.65
2026-01-08T10:20:00.439200,32.11,1.6065,62.85,3.0593,69.24,1.5328,86.73
2026-01-08T10:21:00.496111,30.67,1.4405,61.75,3.0644,69.61,1.5395,87.45
2026-01-08T10:22:00.553028,26.79,1.5726,62.37,3.0596,67.75,1.5323,86.68
2026-01-08T10:23:00.610062,31.52,1.4498,63.11,3.0686,67.75,1.5359,87.06
2026-01-08T10:24:00.666980,27.74,1.4599,62.94,3.0651,71.03,1.5305,86.49
2026-01-08T10:25:00.723896,30.94,1.3602,64.83,3.0566,69.42,1.5341,86.88
2026-01-08T10:26:00.780900,29.28,1.3481,63.20,3.0623,67.82,1.5357,87.05
2026-01-08T10:27:00.837741,31.45,1.4688,64.45,3.0608,70.85,1.5373,87.21
2026-01-08T10:28:00.894652,28.66,1.3469,64.13,3.0586,69.98,1.5356,87.04
2026-01-08T10:29:00.951657,32.41,1.4334,62.01,3.0509,71.96,1.5331,86.77
2026-01-08T10:30:01.008874,28.91,1.3985,64.59,3.0556,69.48,1.5316,86.61
2026-01-08T10:31:01.066041,32.19,1.5181,62.39,3.0530,68.49,1.5305,86.49
2026-01-08T10:32:01.122999,29.06,1.5845,64.51,3.0543,70.35,1.5343,86.89
2026-01-08T10:33:01.179887,27.28,1.5682,61.59,3.0570,70.23,1.5285,86.28
2026-01-08T10:34:01.236968,27.71,1.5933,62.74,3.0575,69.48,1.5351,86.98
2026-01-08T10:35:01.294097,27.49,1.6222,64.40,3.0673,70.04,1.5319,86.64
2026-01-08T10:36:01.351206,28.17,1.5915,62.32,3.0714,70.04,1.5308,86.52
2026-01-08T10:37:01.407860,61.19,1.5737,62.70,3.0605,69.17,1.5336,86.82
2026-01-08T10:38:01.464775,31.56,1.3602,62.81,3.0651,71.40,1.5265,86.07
2026-01-08T10:39:01.521620,28.61,1.5249,64.10,3.0663,72.28,1.5315,86.60
2026-01-08T10:40:01.578562,32.19,1.3550,64.23,3.0641,71.96,1.5390,87.39
2026-01-08T10:41:01.635539,30.65,1.3591,64.00,3.0638,66.65,1.5346,86.93
2026-01-08T10:42:01.692471,33.24,1.4619,63.46,3.0627,69.85,1.5364,87.11
2026-01-08T10:43:01.749328,33.18,1.4516,64.00,3.0694,68.62,1.5361,87.09
2026-01-08T10:44:01.806319,27.48,1.4930,61.79,3.0598,70.66,1.5395,87.45
